lat,lon,time
52.22377247,6.88648866,2020-04-27T11:20:54Z
52.22377247,6.88648868,2020-04-27T11:20:55Z
52.22377244,6.88648874,2020-04-27T11:20:56Z
52.22377256,6.88648886,2020-04-27T11:20:57Z
52.22377271,6.88648901,2020-04-27T11:20:58Z
52.22377275,6.88648911,2020-04-27T11:20:59Z
52.22377264,6.88648906,2020-04-27T11:21:00Z
52.22377265,6.88648905,2020-04-27T11:21:01Z
52.22377265,6.88648907,2020-04-27T11:21:02Z
52.22377280,6.88648947,2020-04-27T11:21:03Z
52.22377280,6.88648951,2020-04-27T11:21:04Z
52.22376688,6.88649167,2020-04-27T11:21:05Z
52.22376136,6.88649583,2020-04-27T11:21:06Z
52.22376022,6.88649894,2020-04-27T11:21:07Z
52.22377756,6.88650190,2020-04-27T11:21:08Z
52.22377300,6.88649650,2020-04-27T11:21:09Z
52.22376960,6.88650142,2020-04-27T11:21:10Z
52.22376689,6.88650155,2020-04-27T11:21:11Z
52.22376596,6.88650148,2020-04-27T11:21:12Z
52.22375875,6.88650698,2020-04-27T11:21:13Z
52.22375731,6.88651809,2020-04-27T11:21:14Z
52.22374915,6.88653123,2020-04-27T11:21:15Z
52.22374641,6.88654590,2020-04-27T11:21:16Z
52.22374526,6.88654766,2020-04-27T11:21:17Z
52.22374611,6.88654666,2020-04-27T11:21:18Z
52.22374499,6.88655393,2020-04-27T11:21:19Z
52.22374033,6.88656368,2020-04-27T11:21:20Z
52.22373291,6.88657537,2020-04-27T11:21:21Z
52.22372287,6.88659328,2020-04-27T11:21:22Z
52.22371080,6.88661201,2020-04-27T11:21:23Z
52.22370097,6.88663054,2020-04-27T11:21:24Z
52.22369494,6.88664739,2020-04-27T11:21:25Z
52.22368928,6.88666462,2020-04-27T11:21:26Z
52.22368350,6.88668053,2020-04-27T11:21:27Z
52.22368151,6.88668637,2020-04-27T11:21:28Z
52.22368088,6.88668954,2020-04-27T11:21:29Z
52.22368030,6.88669393,2020-04-27T11:21:30Z
52.22368026,6.88669894,2020-04-27T11:21:31Z
52.22367911,6.88670145,2020-04-27T11:21:32Z
52.22367041,6.88671851,2020-04-27T11:21:33Z
52.22365937,6.88674394,2020-04-27T11:21:34Z
52.22365033,6.88676871,2020-04-27T11:21:35Z
52.22364592,6.88679494,2020-04-27T11:21:36Z
52.22364244,6.88682019,2020-04-27T11:21:37Z
52.22363825,6.88684607,2020-04-27T11:21:38Z
52.22363426,6.88686001,2020-04-27T11:21:39Z
52.22362628,6.88686726,2020-04-27T11:21:40Z
52.22361316,6.88688185,2020-04-27T11:21:41Z
52.22360199,6.88689357,2020-04-27T11:21:42Z
52.22359715,6.88689984,2020-04-27T11:21:43Z
52.22358905,6.88691013,2020-04-27T11:21:44Z
52.22358027,6.88691962,2020-04-27T11:21:45Z
52.22357347,6.88692438,2020-04-27T11:21:46Z
52.22356867,6.88691780,2020-04-27T11:21:47Z
52.22356545,6.88690982,2020-04-27T11:21:48Z
52.22356423,6.88690604,2020-04-27T11:21:49Z
52.22356293,6.88690472,2020-04-27T11:21:50Z
52.22356130,6.88690796,2020-04-27T11:21:51Z
52.22355924,6.88691059,2020-04-27T11:21:52Z
52.22355904,6.88691092,2020-04-27T11:21:53Z
52.22355967,6.88690750,2020-04-27T11:21:54Z
52.22355935,6.88690425,2020-04-27T11:21:55Z
52.22355765,6.88690298,2020-04-27T11:21:56Z
52.22355552,6.88690391,2020-04-27T11:21:57Z
52.22355464,6.88690321,2020-04-27T11:21:58Z
52.22355484,6.88690114,2020-04-27T11:21:59Z
52.22355593,6.88688861,2020-04-27T11:22:00Z
52.22355636,6.88688229,2020-04-27T11:22:01Z
52.22355499,6.88688097,2020-04-27T11:22:02Z
52.22355331,6.88688345,2020-04-27T11:22:03Z
52.22355397,6.88687937,2020-04-27T11:22:04Z
52.22355346,6.88687488,2020-04-27T11:22:05Z
52.22355125,6.88686937,2020-04-27T11:22:06Z
52.22354963,6.88686548,2020-04-27T11:22:07Z
52.22354896,6.88686046,2020-04-27T11:22:08Z
52.22354796,6.88684817,2020-04-27T11:22:09Z
52.22354785,6.88683676,2020-04-27T11:22:10Z
52.22354550,6.88683254,2020-04-27T11:22:11Z
52.22354233,6.88683598,2020-04-27T11:22:12Z
52.22353809,6.88683726,2020-04-27T11:22:13Z
52.22353497,6.88683957,2020-04-27T11:22:14Z
52.22353221,6.88684529,2020-04-27T11:22:15Z
52.22353027,6.88685058,2020-04-27T11:22:16Z
52.22352838,6.88685555,2020-04-27T11:22:17Z
52.22352688,6.88685793,2020-04-27T11:22:18Z
52.22352675,6.88686358,2020-04-27T11:22:19Z
52.22352663,6.88686809,2020-04-27T11:22:20Z
52.22352627,6.88687205,2020-04-27T11:22:21Z
52.22352613,6.88687477,2020-04-27T11:22:22Z
52.22352578,6.88687745,2020-04-27T11:22:23Z
52.22352630,6.88688045,2020-04-27T11:22:24Z
52.22352673,6.88688294,2020-04-27T11:22:25Z
52.22352674,6.88688413,2020-04-27T11:22:26Z
52.22352664,6.88688510,2020-04-27T11:22:27Z
52.22352662,6.88688483,2020-04-27T11:22:28Z
52.22352654,6.88688476,2020-04-27T11:22:29Z
52.22352651,6.88688467,2020-04-27T11:22:30Z
52.22352650,6.88688458,2020-04-27T11:22:31Z
52.22352645,6.88688446,2020-04-27T11:22:32Z
52.22352653,6.88688458,2020-04-27T11:22:33Z
52.22352656,6.88688466,2020-04-27T11:22:34Z
52.22352658,6.88688472,2020-04-27T11:22:35Z
52.22352658,6.88688476,2020-04-27T11:22:36Z
52.22352659,6.88688480,2020-04-27T11:22:37Z
52.22352659,6.88688483,2020-04-27T11:22:38Z
52.22352659,6.88688486,2020-04-27T11:22:39Z
52.22352658,6.88688489,2020-04-27T11:22:40Z
52.22352658,6.88688492,2020-04-27T11:22:41Z
52.22352569,6.88688440,2020-04-27T11:22:42Z
52.22352541,6.88688473,2020-04-27T11:22:43Z
52.22352526,6.88688453,2020-04-27T11:22:44Z
52.22352519,6.88688453,2020-04-27T11:22:45Z
52.22352515,6.88688456,2020-04-27T11:22:46Z
52.22352512,6.88688486,2020-04-27T11:22:47Z
52.22352510,6.88688524,2020-04-27T11:22:48Z
52.22352331,6.88690092,2020-04-27T11:22:49Z
52.22351890,6.88691697,2020-04-27T11:22:50Z
52.22351305,6.88692626,2020-04-27T11:22:51Z
52.22350517,6.88693056,2020-04-27T11:22:52Z
52.22349863,6.88693353,2020-04-27T11:22:53Z
52.22349577,6.88692879,2020-04-27T11:22:54Z
52.22349208,6.88692319,2020-04-27T11:22:55Z
52.22348573,6.88692111,2020-04-27T11:22:56Z
52.22348058,6.88691782,2020-04-27T11:22:57Z
52.22347336,6.88691981,2020-04-27T11:22:58Z
52.22346469,6.88692680,2020-04-27T11:22:59Z
52.22345728,6.88693142,2020-04-27T11:23:00Z
52.22344984,6.88693509,2020-04-27T11:23:01Z
52.22344178,6.88693804,2020-04-27T11:23:02Z
52.22343442,6.88694242,2020-04-27T11:23:03Z
52.22342590,6.88694906,2020-04-27T11:23:04Z
52.22341751,6.88695671,2020-04-27T11:23:05Z
52.22341042,6.88696200,2020-04-27T11:23:06Z
52.22340337,6.88696235,2020-04-27T11:23:07Z
52.22339409,6.88696019,2020-04-27T11:23:08Z
52.22337975,6.88696528,2020-04-27T11:23:09Z
52.22336879,6.88696784,2020-04-27T11:23:10Z
52.22335980,6.88696989,2020-04-27T11:23:11Z
52.22334959,6.88696633,2020-04-27T11:23:12Z
52.22333825,6.88696149,2020-04-27T11:23:13Z
52.22332886,6.88695460,2020-04-27T11:23:14Z
52.22331869,6.88694760,2020-04-27T11:23:15Z
52.22330848,6.88694207,2020-04-27T11:23:16Z
52.22329852,6.88693901,2020-04-27T11:23:17Z
52.22328708,6.88693688,2020-04-27T11:23:18Z
52.22327708,6.88693522,2020-04-27T11:23:19Z
52.22326592,6.88693380,2020-04-27T11:23:20Z
52.22325317,6.88693501,2020-04-27T11:23:21Z
52.22324110,6.88693462,2020-04-27T11:23:22Z
52.22323326,6.88692688,2020-04-27T11:23:23Z
52.22322345,6.88691221,2020-04-27T11:23:24Z
52.22321267,6.88689508,2020-04-27T11:23:25Z
52.22320208,6.88688374,2020-04-27T11:23:26Z
52.22319092,6.88687843,2020-04-27T11:23:27Z
52.22318268,6.88687400,2020-04-27T11:23:28Z
52.22317224,6.88687262,2020-04-27T11:23:29Z
52.22316038,6.88687383,2020-04-27T11:23:30Z
52.22315008,6.88687688,2020-04-27T11:23:31Z
52.22313462,6.88689182,2020-04-27T11:23:32Z
52.22312210,6.88692148,2020-04-27T11:23:33Z
52.22311743,6.88693789,2020-04-27T11:23:34Z
52.22311184,6.88695148,2020-04-27T11:23:35Z
52.22310681,6.88696441,2020-04-27T11:23:36Z
52.22310251,6.88697556,2020-04-27T11:23:37Z
52.22309727,6.88698929,2020-04-27T11:23:38Z
52.22309454,6.88699927,2020-04-27T11:23:39Z
52.22309438,6.88700399,2020-04-27T11:23:40Z
52.22309386,6.88700816,2020-04-27T11:23:41Z
52.22309479,6.88700398,2020-04-27T11:23:42Z
52.22310075,6.88699398,2020-04-27T11:23:43Z
52.22310507,6.88699212,2020-04-27T11:23:44Z
52.22310613,6.88699603,2020-04-27T11:23:45Z
52.22310587,6.88700299,2020-04-27T11:23:46Z
52.22310264,6.88701487,2020-04-27T11:23:47Z
52.22309973,6.88702436,2020-04-27T11:23:48Z
52.22309635,6.88703776,2020-04-27T11:23:49Z
52.22309438,6.88704589,2020-04-27T11:23:50Z
52.22309302,6.88705385,2020-04-27T11:23:51Z
52.22309260,6.88705726,2020-04-27T11:23:52Z
52.22309257,6.88705742,2020-04-27T11:23:53Z
52.22309306,6.88704937,2020-04-27T11:23:54Z
52.22309509,6.88703742,2020-04-27T11:23:55Z
52.22309641,6.88702742,2020-04-27T11:23:56Z
52.22309547,6.88702823,2020-04-27T11:23:57Z
52.22309143,6.88703383,2020-04-27T11:23:58Z
52.22308551,6.88704854,2020-04-27T11:23:59Z
52.22308165,6.88706149,2020-04-27T11:24:00Z
52.22307833,6.88706964,2020-04-27T11:24:01Z
52.22307586,6.88707845,2020-04-27T11:24:02Z
52.22307317,6.88708205,2020-04-27T11:24:03Z
52.22306940,6.88708221,2020-04-27T11:24:04Z
52.22307113,6.88708727,2020-04-27T11:24:05Z
52.22307195,6.88708810,2020-04-27T11:24:06Z
52.22307221,6.88708010,2020-04-27T11:24:07Z
52.22307763,6.88707181,2020-04-27T11:24:08Z
52.22307925,6.88706809,2020-04-27T11:24:09Z
52.22307914,6.88706728,2020-04-27T11:24:10Z
52.22307812,6.88706904,2020-04-27T11:24:11Z
52.22307657,6.88705526,2020-04-27T11:24:12Z
52.22307808,6.88704609,2020-04-27T11:24:13Z
52.22308046,6.88704477,2020-04-27T11:24:14Z
52.22308252,6.88704056,2020-04-27T11:24:15Z
52.22308348,6.88703610,2020-04-27T11:24:16Z
52.22308292,6.88703355,2020-04-27T11:24:17Z
52.22308343,6.88702574,2020-04-27T11:24:18Z
52.22308604,6.88702463,2020-04-27T11:24:19Z
52.22308679,6.88702642,2020-04-27T11:24:20Z
52.22308171,6.88703734,2020-04-27T11:24:21Z
52.22308200,6.88703277,2020-04-27T11:24:22Z
52.22308225,6.88702565,2020-04-27T11:24:23Z
52.22307948,6.88702000,2020-04-27T11:24:24Z
52.22307669,6.88701934,2020-04-27T11:24:25Z
52.22307496,6.88701933,2020-04-27T11:24:26Z
52.22307444,6.88702124,2020-04-27T11:24:27Z
52.22307387,6.88702318,2020-04-27T11:24:28Z
52.22307626,6.88701917,2020-04-27T11:24:29Z
52.22308220,6.88701952,2020-04-27T11:24:30Z
52.22308897,6.88702782,2020-04-27T11:24:31Z
52.22309099,6.88703290,2020-04-27T11:24:32Z
52.22309820,6.88702212,2020-04-27T11:24:33Z
52.22310491,6.88701198,2020-04-27T11:24:34Z
52.22310393,6.88702705,2020-04-27T11:24:35Z
52.22310207,6.88703878,2020-04-27T11:24:36Z
52.22310076,6.88704969,2020-04-27T11:24:37Z
52.22309831,6.88706157,2020-04-27T11:24:38Z
52.22309583,6.88706975,2020-04-27T11:24:39Z
52.22309228,6.88707721,2020-04-27T11:24:40Z
52.22308832,6.88708321,2020-04-27T11:24:41Z
52.22308497,6.88708940,2020-04-27T11:24:42Z
52.22308238,6.88709735,2020-04-27T11:24:43Z
52.22307998,6.88710401,2020-04-27T11:24:44Z
52.22307769,6.88710689,2020-04-27T11:24:45Z
52.22307620,6.88710979,2020-04-27T11:24:46Z
52.22307514,6.88711258,2020-04-27T11:24:47Z
52.22307403,6.88711511,2020-04-27T11:24:48Z
52.22307395,6.88711596,2020-04-27T11:24:49Z
52.22307357,6.88711703,2020-04-27T11:24:50Z
52.22307262,6.88711932,2020-04-27T11:24:51Z
52.22307186,6.88712099,2020-04-27T11:24:52Z
52.22307101,6.88712278,2020-04-27T11:24:53Z
52.22307026,6.88712430,2020-04-27T11:24:54Z
52.22306973,6.88712548,2020-04-27T11:24:55Z
52.22306927,6.88712641,2020-04-27T11:24:56Z
52.22306852,6.88712853,2020-04-27T11:24:57Z
52.22306810,6.88712990,2020-04-27T11:24:58Z
52.22306771,6.88713129,2020-04-27T11:24:59Z
52.22306739,6.88713242,2020-04-27T11:25:00Z
52.22306721,6.88713301,2020-04-27T11:25:01Z
52.22306698,6.88713376,2020-04-27T11:25:02Z
52.22306680,6.88713423,2020-04-27T11:25:03Z
52.22306664,6.88713486,2020-04-27T11:25:04Z
52.22306652,6.88713522,2020-04-27T11:25:05Z
52.22306639,6.88713620,2020-04-27T11:25:06Z
52.22306630,6.88713678,2020-04-27T11:25:07Z
52.22306626,6.88713702,2020-04-27T11:25:08Z
52.22306618,6.88713697,2020-04-27T11:25:09Z
52.22306585,6.88713858,2020-04-27T11:25:10Z
52.22306557,6.88714002,2020-04-27T11:25:11Z
52.22306529,6.88714158,2020-04-27T11:25:12Z
52.22306493,6.88714370,2020-04-27T11:25:13Z
52.22306468,6.88714485,2020-04-27T11:25:14Z
52.22306442,6.88714629,2020-04-27T11:25:15Z
52.22306425,6.88714700,2020-04-27T11:25:16Z
52.22306413,6.88714733,2020-04-27T11:25:17Z
52.22306402,6.88714748,2020-04-27T11:25:18Z
52.22306369,6.88714914,2020-04-27T11:25:19Z
52.22306350,6.88714991,2020-04-27T11:25:20Z
52.22306337,6.88715027,2020-04-27T11:25:21Z
52.22306332,6.88715038,2020-04-27T11:25:22Z
52.22306317,6.88715123,2020-04-27T11:25:23Z
52.22306298,6.88715265,2020-04-27T11:25:24Z
52.22306284,6.88715342,2020-04-27T11:25:25Z
52.22306275,6.88715388,2020-04-27T11:25:26Z
52.22306244,6.88715497,2020-04-27T11:25:27Z
52.22306220,6.88715563,2020-04-27T11:25:28Z
52.22306200,6.88715603,2020-04-27T11:25:29Z
52.22306185,6.88715622,2020-04-27T11:25:30Z
52.22306171,6.88715633,2020-04-27T11:25:31Z
52.22306157,6.88715639,2020-04-27T11:25:32Z
52.22306147,6.88715642,2020-04-27T11:25:33Z
52.22306047,6.88715243,2020-04-27T11:25:34Z
52.22305773,6.88714783,2020-04-27T11:25:35Z
52.22305538,6.88714618,2020-04-27T11:25:36Z
52.22305359,6.88714595,2020-04-27T11:25:37Z
52.22305341,6.88714636,2020-04-27T11:25:38Z
52.22305061,6.88714676,2020-04-27T11:25:39Z
52.22304826,6.88715037,2020-04-27T11:25:40Z
52.22304575,6.88715068,2020-04-27T11:25:41Z
52.22304345,6.88715057,2020-04-27T11:25:42Z
52.22304121,6.88715013,2020-04-27T11:25:43Z
52.22303992,6.88715033,2020-04-27T11:25:44Z
52.22303884,6.88715079,2020-04-27T11:25:45Z
52.22303836,6.88715063,2020-04-27T11:25:46Z
52.22303763,6.88715288,2020-04-27T11:25:47Z
52.22303707,6.88715273,2020-04-27T11:25:48Z
52.22303468,6.88715624,2020-04-27T11:25:49Z
52.22303311,6.88715963,2020-04-27T11:25:50Z
52.22303163,6.88716105,2020-04-27T11:25:51Z
52.22303000,6.88716731,2020-04-27T11:25:52Z
52.22302827,6.88717070,2020-04-27T11:25:53Z
52.22302706,6.88717130,2020-04-27T11:25:54Z
52.22302665,6.88717257,2020-04-27T11:25:55Z
52.22302565,6.88717161,2020-04-27T11:25:56Z
52.22302495,6.88717183,2020-04-27T11:25:57Z
52.22302414,6.88717179,2020-04-27T11:25:58Z
52.22302265,6.88717372,2020-04-27T11:25:59Z
52.22302190,6.88717569,2020-04-27T11:26:00Z
52.22302143,6.88717774,2020-04-27T11:26:01Z
52.22302079,6.88718013,2020-04-27T11:26:02Z
52.22302020,6.88718249,2020-04-27T11:26:03Z
52.22301971,6.88718462,2020-04-27T11:26:04Z
52.22301935,6.88718624,2020-04-27T11:26:05Z
52.22301882,6.88718871,2020-04-27T11:26:06Z
52.22301831,6.88719109,2020-04-27T11:26:07Z
52.22301787,6.88719315,2020-04-27T11:26:08Z
52.22301743,6.88719488,2020-04-27T11:26:09Z
52.22301705,6.88719621,2020-04-27T11:26:10Z
52.22301660,6.88719776,2020-04-27T11:26:11Z
52.22301628,6.88719878,2020-04-27T11:26:12Z
52.22301609,6.88719935,2020-04-27T11:26:13Z
52.22301593,6.88719976,2020-04-27T11:26:14Z
52.22301580,6.88720013,2020-04-27T11:26:15Z
52.22301566,6.88720111,2020-04-27T11:26:16Z
52.22301559,6.88720206,2020-04-27T11:26:17Z
52.22301555,6.88720281,2020-04-27T11:26:18Z
52.22301542,6.88720339,2020-04-27T11:26:19Z
52.22301465,6.88720189,2020-04-27T11:26:20Z
52.22301381,6.88719537,2020-04-27T11:26:21Z
52.22301223,6.88718433,2020-04-27T11:26:22Z
52.22300750,6.88717331,2020-04-27T11:26:23Z
52.22300333,6.88716464,2020-04-27T11:26:24Z
52.22299851,6.88715754,2020-04-27T11:26:25Z
52.22299214,6.88714212,2020-04-27T11:26:26Z
52.22298348,6.88712668,2020-04-27T11:26:27Z
52.22297358,6.88711770,2020-04-27T11:26:28Z
52.22296338,6.88711004,2020-04-27T11:26:29Z
52.22295333,6.88710006,2020-04-27T11:26:30Z
52.22294467,6.88709244,2020-04-27T11:26:31Z
52.22293720,6.88708807,2020-04-27T11:26:32Z
52.22293335,6.88708563,2020-04-27T11:26:33Z
52.22293133,6.88708300,2020-04-27T11:26:34Z
52.22293067,6.88707645,2020-04-27T11:26:35Z
52.22293098,6.88707351,2020-04-27T11:26:36Z
52.22293099,6.88707148,2020-04-27T11:26:37Z
52.22293184,6.88706927,2020-04-27T11:26:38Z
52.22293219,6.88706899,2020-04-27T11:26:39Z
52.22293274,6.88706847,2020-04-27T11:26:40Z
52.22293263,6.88706695,2020-04-27T11:26:41Z
52.22293252,6.88706681,2020-04-27T11:26:42Z
52.22293165,6.88706777,2020-04-27T11:26:43Z
52.22293070,6.88706778,2020-04-27T11:26:44Z
52.22293016,6.88706791,2020-04-27T11:26:45Z
52.22292961,6.88706685,2020-04-27T11:26:46Z
52.22292977,6.88706778,2020-04-27T11:26:47Z
52.22293007,6.88706849,2020-04-27T11:26:48Z
52.22293038,6.88706949,2020-04-27T11:26:49Z
52.22293057,6.88707014,2020-04-27T11:26:50Z
52.22293068,6.88707051,2020-04-27T11:26:51Z
52.22293058,6.88707214,2020-04-27T11:26:52Z
52.22293039,6.88707391,2020-04-27T11:26:53Z
52.22293019,6.88707533,2020-04-27T11:26:54Z
52.22293001,6.88707684,2020-04-27T11:26:55Z
52.22292981,6.88707831,2020-04-27T11:26:56Z
52.22292964,6.88707967,2020-04-27T11:26:57Z
52.22292679,6.88708252,2020-04-27T11:26:58Z
52.22292515,6.88708632,2020-04-27T11:26:59Z
52.22292597,6.88708737,2020-04-27T11:27:00Z
52.22293065,6.88708009,2020-04-27T11:27:01Z
52.22293124,6.88707982,2020-04-27T11:27:02Z
52.22292905,6.88707654,2020-04-27T11:27:03Z
52.22292836,6.88707216,2020-04-27T11:27:04Z
52.22292834,6.88707092,2020-04-27T11:27:05Z
52.22292751,6.88706891,2020-04-27T11:27:06Z
52.22292625,6.88706774,2020-04-27T11:27:07Z
52.22293044,6.88706454,2020-04-27T11:27:08Z
52.22293369,6.88706156,2020-04-27T11:27:09Z
52.22294265,6.88705591,2020-04-27T11:27:10Z
52.22294811,6.88705333,2020-04-27T11:27:11Z
52.22295257,6.88704701,2020-04-27T11:27:12Z
52.22295668,6.88704481,2020-04-27T11:27:13Z
52.22296131,6.88704288,2020-04-27T11:27:14Z
52.22296425,6.88704664,2020-04-27T11:27:15Z
52.22296676,6.88704896,2020-04-27T11:27:16Z
52.22296845,6.88705208,2020-04-27T11:27:17Z
52.22296977,6.88705919,2020-04-27T11:27:18Z
52.22296625,6.88706925,2020-04-27T11:27:19Z
52.22296282,6.88707981,2020-04-27T11:27:20Z
52.22296018,6.88709620,2020-04-27T11:27:21Z
52.22295632,6.88712017,2020-04-27T11:27:22Z
52.22295288,6.88713886,2020-04-27T11:27:23Z
52.22294746,6.88715203,2020-04-27T11:27:24Z
52.22294059,6.88716902,2020-04-27T11:27:25Z
52.22293248,6.88718285,2020-04-27T11:27:26Z
52.22292506,6.88719469,2020-04-27T11:27:27Z
52.22291982,6.88720257,2020-04-27T11:27:28Z
52.22291430,6.88721014,2020-04-27T11:27:29Z
52.22290697,6.88721690,2020-04-27T11:27:30Z
52.22289866,6.88721606,2020-04-27T11:27:31Z
52.22289029,6.88720600,2020-04-27T11:27:32Z
52.22287915,6.88719791,2020-04-27T11:27:33Z
52.22286406,6.88719356,2020-04-27T11:27:34Z
52.22285281,6.88719238,2020-04-27T11:27:35Z
52.22284688,6.88719199,2020-04-27T11:27:36Z
52.22283790,6.88719215,2020-04-27T11:27:37Z
52.22282629,6.88719705,2020-04-27T11:27:38Z
52.22281633,6.88719709,2020-04-27T11:27:39Z
52.22281165,6.88719561,2020-04-27T11:27:40Z
52.22280250,6.88719226,2020-04-27T11:27:41Z
52.22278892,6.88719077,2020-04-27T11:27:42Z
52.22277551,6.88719304,2020-04-27T11:27:43Z
52.22275884,6.88720547,2020-04-27T11:27:44Z
52.22274716,6.88721174,2020-04-27T11:27:45Z
52.22274100,6.88721146,2020-04-27T11:27:46Z
52.22273661,6.88720204,2020-04-27T11:27:47Z
52.22273065,6.88719479,2020-04-27T11:27:48Z
52.22272119,6.88719045,2020-04-27T11:27:49Z
52.22271515,6.88718942,2020-04-27T11:27:50Z
52.22271202,6.88719101,2020-04-27T11:27:51Z
52.22271286,6.88718843,2020-04-27T11:27:52Z
52.22271466,6.88718528,2020-04-27T11:27:53Z
52.22271598,6.88718318,2020-04-27T11:27:54Z
52.22271677,6.88718204,2020-04-27T11:27:55Z
52.22271765,6.88718059,2020-04-27T11:27:56Z
52.22271945,6.88717775,2020-04-27T11:27:57Z
52.22272055,6.88717592,2020-04-27T11:27:58Z
52.22272172,6.88717365,2020-04-27T11:27:59Z
52.22272420,6.88716632,2020-04-27T11:28:00Z
52.22272560,6.88716166,2020-04-27T11:28:01Z
52.22272646,6.88715907,2020-04-27T11:28:02Z
52.22272686,6.88715783,2020-04-27T11:28:03Z
52.22272765,6.88715548,2020-04-27T11:28:04Z
52.22272800,6.88715267,2020-04-27T11:28:05Z
52.22272821,6.88715106,2020-04-27T11:28:06Z
52.22272841,6.88715044,2020-04-27T11:28:07Z
52.22272862,6.88715004,2020-04-27T11:28:08Z
52.22272878,6.88715049,2020-04-27T11:28:09Z
52.22272857,6.88715150,2020-04-27T11:28:10Z
52.22272864,6.88715241,2020-04-27T11:28:11Z
52.22272897,6.88715390,2020-04-27T11:28:12Z
52.22272930,6.88715520,2020-04-27T11:28:13Z
52.22272947,6.88715585,2020-04-27T11:28:14Z
52.22272955,6.88715618,2020-04-27T11:28:15Z
52.22272959,6.88715636,2020-04-27T11:28:16Z
52.22272950,6.88715684,2020-04-27T11:28:17Z
52.22272770,6.88716139,2020-04-27T11:28:18Z
52.22272783,6.88716573,2020-04-27T11:28:19Z
52.22272704,6.88716244,2020-04-27T11:28:20Z
52.22272856,6.88715441,2020-04-27T11:28:21Z
52.22273025,6.88714505,2020-04-27T11:28:22Z
52.22273233,6.88714112,2020-04-27T11:28:23Z
52.22273529,6.88714125,2020-04-27T11:28:24Z
52.22273739,6.88714559,2020-04-27T11:28:25Z
52.22274175,6.88714524,2020-04-27T11:28:26Z
52.22274473,6.88714252,2020-04-27T11:28:27Z
52.22274527,6.88714185,2020-04-27T11:28:28Z
52.22274529,6.88714204,2020-04-27T11:28:29Z
52.22274523,6.88714238,2020-04-27T11:28:30Z
52.22274517,6.88714337,2020-04-27T11:28:31Z
52.22274515,6.88714385,2020-04-27T11:28:32Z
52.22274513,6.88714410,2020-04-27T11:28:33Z
52.22274510,6.88714451,2020-04-27T11:28:34Z
52.22274508,6.88714470,2020-04-27T11:28:35Z
52.22274549,6.88714543,2020-04-27T11:28:36Z
52.22274573,6.88714635,2020-04-27T11:28:37Z
52.22274616,6.88714705,2020-04-27T11:28:38Z
52.22274659,6.88714786,2020-04-27T11:28:39Z
52.22274697,6.88714863,2020-04-27T11:28:40Z
52.22274723,6.88714908,2020-04-27T11:28:41Z
52.22274741,6.88714973,2020-04-27T11:28:42Z
52.22274762,6.88715012,2020-04-27T11:28:43Z
52.22274775,6.88715036,2020-04-27T11:28:44Z
52.22274781,6.88715090,2020-04-27T11:28:45Z
52.22274785,6.88715119,2020-04-27T11:28:46Z
52.22274788,6.88715139,2020-04-27T11:28:47Z
52.22274793,6.88715177,2020-04-27T11:28:48Z
52.22274798,6.88715201,2020-04-27T11:28:49Z
52.22274825,6.88715233,2020-04-27T11:28:50Z
52.22274843,6.88715257,2020-04-27T11:28:51Z
52.22274856,6.88715275,2020-04-27T11:28:52Z
52.22274868,6.88715292,2020-04-27T11:28:53Z
52.22274877,6.88715302,2020-04-27T11:28:54Z
52.22274884,6.88715312,2020-04-27T11:28:55Z
52.22274887,6.88715317,2020-04-27T11:28:56Z
52.22274889,6.88715320,2020-04-27T11:28:57Z
52.22274889,6.88715324,2020-04-27T11:28:58Z
52.22274747,6.88715125,2020-04-27T11:28:59Z
52.22274941,6.88715107,2020-04-27T11:29:00Z
52.22275234,6.88714732,2020-04-27T11:29:01Z
52.22275686,6.88713976,2020-04-27T11:29:02Z
52.22275958,6.88713093,2020-04-27T11:29:03Z
52.22276382,6.88712450,2020-04-27T11:29:04Z
52.22276854,6.88712101,2020-04-27T11:29:05Z
52.22277419,6.88712109,2020-04-27T11:29:06Z
52.22278088,6.88712323,2020-04-27T11:29:07Z
52.22278598,6.88712266,2020-04-27T11:29:08Z
52.22279672,6.88711832,2020-04-27T11:29:09Z
52.22281213,6.88711066,2020-04-27T11:29:10Z
52.22282207,6.88710323,2020-04-27T11:29:11Z
52.22282904,6.88709834,2020-04-27T11:29:12Z
52.22283932,6.88709557,2020-04-27T11:29:13Z
52.22285281,6.88709329,2020-04-27T11:29:14Z
52.22286671,6.88709410,2020-04-27T11:29:15Z
52.22287720,6.88709152,2020-04-27T11:29:16Z
52.22288707,6.88709082,2020-04-27T11:29:17Z
52.22289826,6.88709261,2020-04-27T11:29:18Z
52.22290698,6.88709506,2020-04-27T11:29:19Z
52.22291413,6.88709818,2020-04-27T11:29:20Z
52.22291909,6.88709343,2020-04-27T11:29:21Z
52.22292379,6.88708408,2020-04-27T11:29:22Z
52.22292914,6.88707477,2020-04-27T11:29:23Z
52.22293407,6.88706668,2020-04-27T11:29:24Z
52.22294158,6.88705920,2020-04-27T11:29:25Z
52.22294910,6.88705303,2020-04-27T11:29:26Z
52.22295487,6.88704627,2020-04-27T11:29:27Z
52.22296275,6.88703864,2020-04-27T11:29:28Z
52.22297097,6.88702843,2020-04-27T11:29:29Z
52.22298025,6.88701735,2020-04-27T11:29:30Z
52.22298799,6.88701232,2020-04-27T11:29:31Z
52.22299442,6.88700806,2020-04-27T11:29:32Z
52.22300148,6.88700224,2020-04-27T11:29:33Z
52.22301379,6.88699130,2020-04-27T11:29:34Z
52.22302706,6.88697980,2020-04-27T11:29:35Z
52.22303636,6.88697239,2020-04-27T11:29:36Z
52.22304457,6.88696915,2020-04-27T11:29:37Z
52.22305972,6.88696579,2020-04-27T11:29:38Z
52.22307860,6.88696097,2020-04-27T11:29:39Z
52.22309940,6.88695362,2020-04-27T11:29:40Z
52.22311165,6.88694761,2020-04-27T11:29:41Z
52.22311992,6.88694502,2020-04-27T11:29:42Z
52.22313282,6.88693612,2020-04-27T11:29:43Z
52.22314550,6.88693013,2020-04-27T11:29:44Z
52.22315214,6.88692890,2020-04-27T11:29:45Z
52.22315778,6.88692942,2020-04-27T11:29:46Z
52.22316399,6.88693092,2020-04-27T11:29:47Z
52.22317135,6.88693213,2020-04-27T11:29:48Z
52.22318279,6.88693030,2020-04-27T11:29:49Z
52.22319540,6.88693179,2020-04-27T11:29:50Z
52.22320965,6.88693286,2020-04-27T11:29:51Z
52.22322245,6.88693762,2020-04-27T11:29:52Z
52.22323305,6.88694577,2020-04-27T11:29:53Z
52.22324411,6.88695397,2020-04-27T11:29:54Z
52.22325617,6.88696476,2020-04-27T11:29:55Z
52.22326920,6.88697500,2020-04-27T11:29:56Z
52.22328279,6.88698509,2020-04-27T11:29:57Z
52.22329597,6.88699327,2020-04-27T11:29:58Z
52.22330546,6.88700170,2020-04-27T11:29:59Z
52.22331240,6.88700538,2020-04-27T11:30:00Z
52.22332138,6.88700878,2020-04-27T11:30:01Z
52.22333279,6.88701895,2020-04-27T11:30:02Z
52.22334711,6.88702948,2020-04-27T11:30:03Z
52.22336033,6.88703939,2020-04-27T11:30:04Z
52.22337229,6.88704728,2020-04-27T11:30:05Z
52.22338704,6.88705261,2020-04-27T11:30:06Z
52.22339650,6.88705394,2020-04-27T11:30:07Z
52.22340269,6.88705640,2020-04-27T11:30:08Z
52.22341513,6.88705756,2020-04-27T11:30:09Z
52.22342533,6.88706010,2020-04-27T11:30:10Z
52.22343245,6.88706363,2020-04-27T11:30:11Z
52.22344267,6.88706389,2020-04-27T11:30:12Z
52.22345651,6.88706901,2020-04-27T11:30:13Z
52.22346876,6.88707224,2020-04-27T11:30:14Z
52.22347772,6.88707181,2020-04-27T11:30:15Z
52.22348523,6.88706792,2020-04-27T11:30:16Z
52.22349147,6.88706338,2020-04-27T11:30:17Z
52.22349733,6.88706211,2020-04-27T11:30:18Z
52.22350542,6.88706083,2020-04-27T11:30:19Z
52.22351460,6.88705401,2020-04-27T11:30:20Z
52.22352275,6.88704429,2020-04-27T11:30:21Z
52.22353234,6.88703288,2020-04-27T11:30:22Z
52.22354542,6.88702073,2020-04-27T11:30:23Z
52.22355576,6.88700963,2020-04-27T11:30:24Z
52.22356474,6.88699828,2020-04-27T11:30:25Z
52.22357311,6.88698659,2020-04-27T11:30:26Z
52.22358170,6.88697578,2020-04-27T11:30:27Z
52.22359019,6.88696400,2020-04-27T11:30:28Z
52.22359802,6.88695090,2020-04-27T11:30:29Z
52.22360598,6.88693464,2020-04-27T11:30:30Z
52.22361551,6.88691659,2020-04-27T11:30:31Z
52.22362628,6.88689706,2020-04-27T11:30:32Z
52.22363547,6.88687607,2020-04-27T11:30:33Z
52.22364287,6.88685732,2020-04-27T11:30:34Z
52.22364926,6.88683986,2020-04-27T11:30:35Z
52.22365416,6.88682368,2020-04-27T11:30:36Z
52.22365786,6.88680723,2020-04-27T11:30:37Z
52.22365973,6.88678924,2020-04-27T11:30:38Z
52.22366211,6.88677140,2020-04-27T11:30:39Z
52.22366678,6.88675513,2020-04-27T11:30:40Z
52.22367174,6.88674033,2020-04-27T11:30:41Z
52.22367676,6.88672268,2020-04-27T11:30:42Z
52.22368180,6.88670520,2020-04-27T11:30:43Z
52.22368303,6.88668531,2020-04-27T11:30:44Z
52.22368841,6.88666381,2020-04-27T11:30:45Z
52.22369893,6.88664460,2020-04-27T11:30:46Z
52.22370835,6.88662713,2020-04-27T11:30:47Z
52.22371887,6.88661309,2020-04-27T11:30:48Z
52.22372575,6.88659901,2020-04-27T11:30:49Z
52.22372850,6.88658426,2020-04-27T11:30:50Z
52.22373097,6.88656634,2020-04-27T11:30:51Z
52.22373081,6.88654993,2020-04-27T11:30:52Z
52.22373408,6.88653205,2020-04-27T11:30:53Z
52.22373913,6.88651547,2020-04-27T11:30:54Z
52.22374583,6.88650283,2020-04-27T11:30:55Z
52.22375579,6.88648954,2020-04-27T11:30:56Z
52.22376286,6.88647427,2020-04-27T11:30:57Z
52.22376630,6.88646054,2020-04-27T11:30:58Z
52.22377061,6.88644190,2020-04-27T11:30:59Z
52.22377853,6.88641938,2020-04-27T11:31:00Z
52.22378590,6.88640101,2020-04-27T11:31:01Z
52.22379261,6.88638584,2020-04-27T11:31:02Z
52.22380512,6.88636795,2020-04-27T11:31:03Z
52.22382273,6.88635156,2020-04-27T11:31:04Z
52.22383985,6.88633833,2020-04-27T11:31:05Z
52.22385715,6.88632740,2020-04-27T11:31:06Z
52.22387503,6.88631891,2020-04-27T11:31:07Z
52.22389197,6.88630641,2020-04-27T11:31:08Z
52.22390952,6.88628901,2020-04-27T11:31:09Z
52.22391765,6.88627409,2020-04-27T11:31:10Z
52.22391850,6.88626437,2020-04-27T11:31:11Z
52.22392112,6.88625566,2020-04-27T11:31:12Z
52.22392424,6.88624177,2020-04-27T11:31:13Z
52.22393111,6.88622472,2020-04-27T11:31:14Z
52.22394259,6.88619841,2020-04-27T11:31:15Z
52.22395063,6.88617417,2020-04-27T11:31:16Z
52.22395379,6.88615431,2020-04-27T11:31:17Z
52.22394783,6.88613161,2020-04-27T11:31:18Z
52.22393432,6.88612519,2020-04-27T11:31:19Z
52.22392430,6.88612370,2020-04-27T11:31:20Z
52.22391502,6.88612681,2020-04-27T11:31:21Z
52.22391428,6.88612903,2020-04-27T11:31:22Z
52.22391587,6.88613251,2020-04-27T11:31:23Z
52.22391707,6.88613480,2020-04-27T11:31:24Z
52.22391727,6.88613755,2020-04-27T11:31:25Z
52.22391948,6.88614152,2020-04-27T11:31:26Z
52.22392042,6.88614512,2020-04-27T11:31:27Z
52.22391945,6.88614708,2020-04-27T11:31:28Z
52.22391790,6.88614836,2020-04-27T11:31:29Z
52.22391571,6.88614856,2020-04-27T11:31:30Z
52.22391226,6.88614737,2020-04-27T11:31:31Z
52.22390921,6.88614624,2020-04-27T11:31:32Z
52.22390615,6.88614489,2020-04-27T11:31:33Z
52.22390412,6.88614400,2020-04-27T11:31:34Z
52.22390440,6.88614429,2020-04-27T11:31:35Z
52.22390474,6.88614457,2020-04-27T11:31:36Z
52.22390478,6.88614471,2020-04-27T11:31:37Z
52.22390537,6.88614512,2020-04-27T11:31:38Z
52.22390582,6.88614544,2020-04-27T11:31:39Z
52.22390608,6.88614567,2020-04-27T11:31:40Z
52.22390618,6.88614578,2020-04-27T11:31:41Z
52.22390627,6.88614585,2020-04-27T11:31:42Z
52.22390667,6.88614602,2020-04-27T11:31:43Z
52.22390667,6.88614598,2020-04-27T11:31:44Z
52.22390666,6.88614600,2020-04-27T11:31:45Z
52.22390698,6.88614616,2020-04-27T11:31:46Z
52.22390756,6.88614645,2020-04-27T11:31:47Z
52.22390770,6.88614654,2020-04-27T11:31:48Z
52.22390882,6.88614702,2020-04-27T11:31:49Z
52.22390946,6.88614729,2020-04-27T11:31:50Z
52.22391047,6.88614780,2020-04-27T11:31:51Z
52.22391092,6.88614804,2020-04-27T11:31:52Z
52.22391205,6.88614861,2020-04-27T11:31:53Z
52.22391237,6.88614884,2020-04-27T11:31:54Z
52.22391285,6.88614910,2020-04-27T11:31:55Z
52.22391282,6.88614911,2020-04-27T11:31:56Z
52.22391368,6.88614955,2020-04-27T11:31:57Z
52.22391602,6.88615069,2020-04-27T11:31:58Z
52.22391789,6.88615160,2020-04-27T11:31:59Z
52.22391980,6.88615256,2020-04-27T11:32:00Z
52.22392155,6.88615344,2020-04-27T11:32:01Z
52.22392295,6.88615415,2020-04-27T11:32:02Z
52.22392362,6.88615451,2020-04-27T11:32:03Z
52.22392427,6.88615488,2020-04-27T11:32:04Z
52.22392486,6.88615524,2020-04-27T11:32:05Z
52.22392514,6.88615550,2020-04-27T11:32:06Z
52.22392665,6.88615635,2020-04-27T11:32:07Z
52.22392762,6.88615697,2020-04-27T11:32:08Z
52.22392810,6.88615727,2020-04-27T11:32:09Z
52.22392844,6.88615745,2020-04-27T11:32:10Z
52.22392922,6.88615723,2020-04-27T11:32:11Z
52.22392953,6.88615713,2020-04-27T11:32:12Z
52.22392969,6.88615708,2020-04-27T11:32:13Z
52.22392978,6.88615707,2020-04-27T11:32:14Z
52.22393177,6.88615579,2020-04-27T11:32:15Z
52.22393019,6.88615414,2020-04-27T11:32:16Z
52.22393056,6.88615655,2020-04-27T11:32:17Z
52.22393174,6.88615928,2020-04-27T11:32:18Z
