Recording timestamp	Eye movement type index	Gaze event duration	Fixation point X	Fixation point Y	target	phone_x	phone_y
119832.0	105	620.0	1007.0	509.0	surroundings		
120222.0	106	400.0	857.0	356.0	cell phone	0.974220009342842	0.21027674346517908
120842.0	107	80.0	1678.0	11.0	surroundings		
121262.0	108	440.0	811.0	514.0	cell phone	0.5730071502536358	0.16108888051996584
123471.0	109	3799.0	919.0	312.0	cell phone	0.8880172560057791	0.12989019640944974
126541.0	110	2280.0	920.0	395.0	cell phone	0.6706999627081883	0.6287369360479012
128140.0	111	880.0	930.0	259.0	cell phone	0.769060422970376	0.16403669658159273
129480.0	112	1760.0	980.0	352.0	cell phone	0.7752740557791518	0.043050531612662736
130910.0	113	880.0	1070.0	271.0	cell phone	0.7785319783996459	0.05470699454858191
131620.0	114	520.0	989.0	269.0	cell phone	0.4896551724137931	0.06923076923076922
133599.0	115	400.0	942.0	426.0	cell phone	0.2032670706569652	0.19245918600282072
134359.0	116	1080.0	958.0	245.0	building		
135079.0	117	320.0	988.0	203.0	cell phone	0.8105524883168236	0.0736460061561993
135569.0	118	100.0	920.0	222.0	cell phone	0.4034796759389985	0.07255578389305055
135938.0	119	600.0	996.0	238.0	cell phone	0.4381270903010033	0.11708253358925146
137378.0	120	160.0	1188.0	403.0	cell phone	0.5671587023735541	0.3792659163410897
137798.0	121	640.0	992.0	412.0	cell phone	0.7062402300371129	0.5667766472190329
138218.0	122	160.0	1067.0	304.0	cell phone	0.8638494760526538	0.18879173029466845
138528.0	123	420.0	993.0	295.0	cell phone	0.5335689045936396	0.06395348837209303
139398.0	124	280.0	1045.0	319.0	cell phone	0.7721518987341772	0.16306483300589392
140848.0	125	220.0	1017.0	198.0	cell phone	0.8784549384654512	0.13256722375404087
141018.0	126	80.0	1079.0	356.0	cell phone	0.9190709973346144	0.4016516951333146
141177.0	127	200.0	983.0	368.0	cell phone	0.4985456815816266	0.4796609569438866
141407.0	128	180.0	1164.0	344.0	surroundings		
141737.0	129	160.0	1094.0	253.0	cell phone	0.951543870555499	0.1351384480832166
142117.0	130	80.0	868.0	481.0	surroundings		
144157.0	131	360.0	1018.0	395.0	cell phone	0.9408450704225352	0.5475352112676056
146626.0	132	220.0	1002.0	273.0	cell phone	0.5829495604459289	0.15185095974612225
147196.0	133	80.0	793.0	219.0	surroundings		
148636.0	134	1280.0	924.0	326.0	cell phone	0.5971428571428572	0.3057090239410681
149945.0	135	1140.0	993.0	250.0	cell phone	0.7044503867463392	0.09937355188672667
150755.0	136	440.0	1125.0	238.0	cell phone	0.9317532719280712	0.18500297854788653
151555.0	137	1120.0	1034.0	285.0	cell phone	0.7654452393401687	0.09486492392339127
152715.0	138	160.0	1015.0	15.0	building		
153334.0	139	360.0	959.0	452.0	cell phone	0.6736310636599148	0.2239918021408165
153924.0	140	780.0	907.0	219.0	cell phone	0.8009890627776498	0.09915124961897716
154604.0	141	380.0	901.0	259.0	cell phone	0.6675136639240711	0.11617407116156445
155174.0	142	520.0	923.0	273.0	cell phone	0.52785921549604	0.14362121198515798
155614.0	143	320.0	1031.0	205.0	cell phone	0.8968081347437336	0.09721405964304353
156554.0	144	1520.0	912.0	240.0	cell phone	0.5790697674418605	0.09023941068139964
157674.0	145	600.0	952.0	320.0	cell phone	0.7545513156033639	0.641431009227745
158253.0	146	480.0	949.0	129.0	cell phone	0.6408984978206024	0.10366078578374498
158703.0	147	300.0	977.0	233.0	cell phone	0.8209652539018709	0.15491001559628667
159633.0	148	1400.0	972.0	207.0	cell phone	0.6697542326801279	0.1150964999059693
160833.0	149	700.0	902.0	294.0	cell phone	0.7201508899241128	0.17180980694552314
161363.0	150	340.0	871.0	244.0	cell phone	0.6010526292523917	0.195766515998902
161972.0	151	780.0	947.0	371.0	cell phone	0.7051793954026825	0.6006776964121212
162442.0	152	100.0	918.0	215.0	cell phone	0.7026745539241229	0.302728179055714
162682.0	153	340.0	899.0	113.0	cell phone	0.654943879650329	0.09294061406198886
163052.0	154	240.0	938.0	262.0	cell phone	0.8077768755047894	0.16723962860938954
163442.0	155	500.0	811.0	197.0	cell phone	0.2907153446046762	0.14493507528141447
164012.0	156	480.0	910.0	222.0	cell phone	0.6012786710030092	0.17713035383901926
164462.0	157	300.0	989.0	428.0	cell phone	0.6781376476649064	0.6414116414188347
164882.0	158	380.0	963.0	360.0	cell phone	0.6894285846086989	0.605925540757845
165312.0	159	400.0	928.0	151.0	cell phone	0.7483374779957009	0.16575398713616862
165752.0	160	400.0	939.0	445.0	cell phone	0.6929479347504696	0.4751776384584232
166331.0	161	520.0	930.0	413.0	cell phone	0.6941967162207849	0.6102486824501364
167531.0	162	1640.0	908.0	228.0	cell phone	0.6899085379536769	0.1822372459819013
169461.0	163	1980.0	982.0	267.0	cell phone	0.7797619047619048	0.1020408163265306
170721.0	164	460.0	957.0	417.0	cell phone	0.6672485163316451	0.5490765351063908
171320.0	165	680.0	974.0	214.0	cell phone	0.6307222890512783	0.14699534852850354
172450.0	166	1540.0	899.0	269.0	cell phone	0.4205858889625824	0.15418879473823002
174620.0	167	2659.0	833.0	195.0	cell phone	0.3204558171033593	0.1261837634510821
177339.0	168	2459.0	887.0	209.0	cell phone	0.4151742573353742	0.22130085062595786
180258.0	169	3319.0	916.0	265.0	cell phone	0.4258323386289293	0.14253918639303206
183028.0	170	2219.0	866.0	260.0	cell phone	0.2853602599054615	0.12572067367477152
184388.0	171	400.0	854.0	390.0	cell phone	0.22030101120270346	0.3384931652348075
185387.0	172	1560.0	934.0	263.0	cell phone	0.5810589505933778	0.15604607809706486
186497.0	173	540.0	963.0	458.0	cell phone	0.6831385392193702	0.6303568370218624
187257.0	174	900.0	838.0	157.0	surroundings		
188247.0	175	1040.0	930.0	229.0	cell phone	0.5024792112678852	0.12547508487235404
189086.0	176	520.0	967.0	427.0	cell phone	0.6066118343839125	0.6500966838959681
189606.0	177	440.0	925.0	114.0	cell phone	0.49615779163473	0.1403874346434562
190156.0	178	540.0	952.0	366.0	cell phone	0.5228157429940031	0.6088525932714763
190546.0	179	160.0	929.0	125.0	cell phone	0.5120848552771096	0.1859330734600491
191016.0	180	720.0	850.0	35.0	surroundings		
191986.0	181	1060.0	972.0	382.0	cell phone	0.5912383608507998	0.6302299395599615
193925.0	182	2639.0	949.0	192.0	cell phone	0.6011406714353388	0.1319315015012855
195355.0	183	140.0	942.0	363.0	cell phone	0.5120866652554754	0.42991673456962937
195685.0	184	480.0	957.0	167.0	cell phone	0.5937066644526878	0.12031052543813275
196345.0	185	600.0	951.0	183.0	cell phone	0.6416859395494635	0.1333035777952776
196834.0	186	340.0	834.0	167.0	surroundings		
197444.0	187	800.0	956.0	201.0	cell phone	0.5473221176249983	0.1282412279836806
199214.0	188	2499.0	971.0	209.0	cell phone	0.6656524057958709	0.15244349102169533
201503.0	189	1920.0	911.0	239.0	cell phone	0.6669646383253369	0.10436885657904764
202573.0	190	180.0	790.0	159.0	surroundings		
202933.0	191	500.0	916.0	213.0	cell phone	0.5833003939469442	0.14187787458798112
203393.0	192	260.0	914.0	228.0	cell phone	0.5762650389188035	0.15429159206504545
203723.0	193	360.0	803.0	186.0	surroundings		
204253.0	194	620.0	1035.0	228.0	cell phone	0.9168436785358679	0.1333682576340606
205232.0	195	1140.0	900.0	253.0	cell phone	0.5325684025513902	0.12875186779618994
206082.0	196	200.0	945.0	451.0	cell phone	0.6077490013358428	0.5033720330761629
206402.0	197	360.0	924.0	207.0	cell phone	0.4641562057008207	0.2124270204272184
208092.0	198	2940.0	906.0	321.0	cell phone	0.4885754886839072	0.5242595175357533
209672.0	199	140.0	919.0	22.0	cell phone	0.5236440918658486	0.02511205989385716
210221.0	200	280.0	1000.0	9.0	surroundings		
210911.0	201	700.0	916.0	281.0	cell phone	0.4855411198353047	0.4661252462145186
212031.0	202	1440.0	923.0	293.0	cell phone	0.5321793027010627	0.4833156760799108
212971.0	203	380.0	913.0	85.0	cell phone	0.5331796710762263	0.10610977809387817
213581.0	204	800.0	977.0	143.0	cell phone	0.7823343848580442	0.1631321370309951
214150.0	205	300.0	943.0	248.0	cell phone	0.4693901600952337	0.3509200747268928
214390.0	206	140.0	964.0	120.0	cell phone	0.6054054054054054	0.17412140575079876
214690.0	207	420.0	896.0	112.0	cell phone	0.4694050273830608	0.16458612045268808
215060.0	208	280.0	839.0	140.0	cell phone	0.4004362743948723	0.17778733277036488
215790.0	209	1140.0	988.0	133.0	cell phone	0.7097017205012934	0.17913792956166882
216760.0	210	600.0	934.0	388.0	cell phone	0.5714285714285714	0.6422487223168655
217460.0	211	720.0	814.0	91.0	surroundings		
218179.0	212	480.0	948.0	319.0	cell phone	0.5940527671050646	0.3628125199896001
218569.0	213	220.0	980.0	244.0	cell phone	0.7315290417955879	0.172530027903019
219199.0	214	960.0	949.0	406.0	cell phone	0.5294521719317561	0.5771938867025679
219949.0	215	460.0	909.0	229.0	cell phone	0.6402167317596255	0.022539720101889114
220659.0	216	760.0	1044.0	404.0	others		
221539.0	217	320.0	957.0	407.0	cell phone	0.6474166910044955	0.21530960401121949
221839.0	218	200.0	975.0	353.0	cell phone	0.9682539682539684	0.22562141491395796
222169.0	219	180.0	976.0	487.0	cell phone	0.7639751552795031	0.45825932504440503
222409.0	220	240.0	938.0	286.0	cell phone	0.6328678645767173	0.1244991973911484
222679.0	221	240.0	1023.0	233.0	cell phone	0.8567135380369677	0.06924163019981804
223378.0	222	1040.0	969.0	419.0	cell phone	0.5797936462405523	0.6416281147021861
224078.0	223	280.0	1027.0	235.0	cell phone	0.6011730205278593	0.11469534050179213
225188.0	224	1900.0	923.0	212.0	cell phone	0.6089974707500063	0.1459986052542425
226588.0	225	820.0	1005.0	374.0	cell phone	0.4777448071216617	0.6398601398601399
227687.0	226	180.0	614.0	105.0	surroundings		
228017.0	227	120.0	1204.0	465.0	cell phone	0.9632385284237756	0.14368201047894316
228267.0	228	340.0	997.0	353.0	cell phone	0.5636459193502659	0.33223413699058874
228727.0	229	540.0	1000.0	188.0	cell phone	0.489227326247337	0.1187489271409614
229597.0	230	1160.0	975.0	396.0	cell phone	0.4859397562530191	0.5746716622099389
230896.0	231	1180.0	961.0	412.0	cell phone	0.5752092705884038	0.6653279720619351
232196.0	232	80.0	475.0	20.0	surroundings		
232586.0	233	260.0	704.0	153.0	surroundings		
233196.0	234	200.0	865.0	25.0	surroundings		
235066.0	235	3099.0	1005.0	418.0	cell phone	0.4507298403000851	0.40329198714498427
237325.0	236	1380.0	877.0	447.0	cell phone	0.6954020145839559	0.4425657926632862
238175.0	237	280.0	879.0	305.0	cell phone	0.8540627357791115	0.19623877210044385
238955.0	238	1120.0	917.0	219.0	cell phone	0.6055141419284406	0.07439025092525611
240994.0	239	400.0	1013.0	377.0	cell phone	0.5517241379310345	0.39399999999999996
241584.0	240	720.0	977.0	371.0	cell phone	0.5365853658536586	0.4728682170542636
242974.0	241	800.0	981.0	432.0	cell phone	0.4770642201834863	0.5167785234899329
244363.0	242	140.0	1109.0	76.0	building		
244613.0	243	160.0	789.0	204.0	surroundings		
246393.0	244	320.0	954.0	493.0	cell phone	0.3059210526315789	0.28378378378378377
247033.0	245	920.0	1010.0	414.0	cell phone	0.5596997064484144	0.5287006911950495
247663.0	246	140.0	1215.0	454.0	cell phone	0.7428313645331761	0.21936711968124803
247903.0	247	100.0	1043.0	359.0	others		
249642.0	248	220.0	812.0	676.0	cell phone	0.14266090116332822	0.3617457144342522
250762.0	249	260.0	886.0	84.0	surroundings		
251042.0	250	260.0	758.0	100.0	building		
252521.0	251	240.0	1053.0	455.0	cell phone	0.8373426169216509	0.31432286786659225
252811.0	252	240.0	853.0	329.0	cell phone	0.36112007819159375	0.10796138419811847
253131.0	253	160.0	910.0	554.0	cell phone	0.6501626512103265	0.4653527936000182
253421.0	254	100.0	1870.0	191.0	building		
253591.0	255	120.0	1805.0	116.0	building		
254641.0	256	100.0	987.0	735.0	cell phone	0.25559685917939085	0.4074489853384992
254911.0	257	400.0	1103.0	632.0	surroundings		
256510.0	258	280.0	1028.0	694.0	cell phone	0.4107062026501676	0.4287483449748836
256810.0	259	120.0	1061.0	897.0	cell phone	0.5907991093484469	0.6021651376043661
257020.0	260	180.0	959.0	820.0	cell phone	0.3437794556331324	0.3874300031973917
257300.0	261	140.0	1033.0	848.0	cell phone	0.22145328719723184	0.310126582278481
258880.0	262	260.0	830.0	116.0	surroundings		
259350.0	263	280.0	952.0	53.0	building		
259580.0	264	140.0	962.0	22.0	building		
260010.0	265	160.0	664.0	239.0	building		
260210.0	266	200.0	894.0	206.0	surroundings		
260499.0	267	100.0	682.0	101.0	building		
260959.0	268	100.0	1208.0	312.0	surroundings		
261309.0	269	240.0	1002.0	451.0	cell phone	0.6593924274451898	0.3491996390076112
261499.0	270	100.0	859.0	281.0	cell phone	0.3199994020240701	0.2667391864797425
261859.0	271	540.0	906.0	337.0	cell phone	0.5907038944488259	0.5569451927379943
262579.0	272	840.0	1033.0	142.0	cell phone	0.4438040345821326	0.06386861313868614
263329.0	273	200.0	920.0	584.0	others		
264149.0	274	600.0	1097.0	240.0	cell phone	0.8696583463005896	0.1132944720859963
264978.0	275	1020.0	1159.0	202.0	cell phone	0.4845302301768428	0.11095870079575684
265798.0	276	580.0	984.0	198.0	others		
266698.0	277	220.0	863.0	94.0	building		
266868.0	278	80.0	959.0	23.0	building		
268208.0	279	2000.0	956.0	283.0	cell phone	0.7587189594638878	0.1302466433939206
270527.0	280	2379.0	909.0	253.0	cell phone	0.4405720059391652	0.19391836659449013
272587.0	281	1700.0	882.0	254.0	cell phone	0.4174767929294666	0.06788862159781424
273796.0	282	460.0	856.0	312.0	cell phone	0.21082460752014176	0.03086953829714235
274486.0	283	680.0	902.0	281.0	cell phone	0.4820340088901353	0.058075571230865076
275426.0	284	1160.0	864.0	293.0	cell phone	0.4271309993604707	0.04484375934652743
276756.0	285	1460.0	915.0	313.0	cell phone	0.4657791353606736	0.051909724833265086
278285.0	286	1560.0	936.0	288.0	building		
279735.0	287	1300.0	927.0	276.0	cell phone	0.3272789233351052	0.09074312232845293
281285.0	288	1740.0	919.0	292.0	cell phone	0.35391155226289994	0.0926963657364797
282784.0	289	1260.0	924.0	315.0	cell phone	0.4468376373624336	0.1250037680862593
284354.0	290	1820.0	937.0	306.0	cell phone	0.4171970475455424	0.12875190443611753
285524.0	291	480.0	848.0	305.0	cell phone	0.2525630704566951	0.16834115035689365
287283.0	292	2999.0	933.0	298.0	cell phone	0.4996174644334199	0.1475888598227274
289003.0	293	400.0	885.0	298.0	cell phone	0.2573906810604515	0.18514929415868775
289753.0	294	1060.0	936.0	352.0	cell phone	0.4713216957605985	0.4267241379310345
290613.0	295	580.0	893.0	383.0	cell phone	0.3806117993867636	0.6155776503865247
291382.0	296	900.0	889.0	271.0	cell phone	0.2844788543544093	0.4007549636636568
292082.0	297	480.0	896.0	247.0	cell phone	0.4827931951376921	0.3438132755329077
292632.0	298	440.0	889.0	272.0	cell phone	0.5223606090086618	0.371026228261388
293992.0	299	2019.0	938.0	305.0	cell phone	0.6335635264575715	0.3673866957426469
296781.0	300	3319.0	922.0	297.0	cell phone	0.7612558864704417	0.4522261919186413
298571.0	301	220.0	819.0	344.0	cell phone	0.4350261050683981	0.3238013522039064
299280.0	302	1000.0	890.0	364.0	cell phone	0.6044699150687677	0.32492577798595146
300360.0	303	1120.0	880.0	389.0	cell phone	-1.0	-1.0
301200.0	304	320.0	1012.0	385.0	cell phone	0.7846659526798986	0.5165195268500586
301550.0	305	320.0	852.0	393.0	surroundings		
301920.0	306	80.0	884.0	383.0	building		
302130.0	307	300.0	955.0	383.0	cell phone	0.6738647451039727	0.2638222769848482
302569.0	308	520.0	901.0	462.0	cell phone	0.5578314932443134	0.4166128412367047
303160.0	309	480.0	913.0	410.0	cell phone	0.5944079289593965	0.4256208879220072
303660.0	310	480.0	959.0	368.0	cell phone	0.7435833182983721	0.3944308777297454
304059.0	311	280.0	894.0	225.0	cell phone	0.5212424187486742	0.15899724834195508
304709.0	312	860.0	878.0	250.0	others		
305479.0	313	640.0	986.0	355.0	cell phone	0.6908847986318827	0.3219741351367631
306119.0	314	560.0	753.0	135.0	surroundings		
306519.0	315	200.0	914.0	254.0	cell phone	0.4622634680682097	0.20241303620769133
306729.0	316	180.0	1006.0	363.0	cell phone	0.8356314865020348	0.412768621690991
307059.0	317	240.0	956.0	459.0	cell phone	0.8129896118635617	0.5782369585766379
307309.0	318	220.0	840.0	474.0	cell phone	0.4475156686921906	0.5905999115780222
308018.0	319	1160.0	927.0	397.0	cell phone	0.8955772537144203	0.516155575449198
308798.0	320	200.0	918.0	399.0	cell phone	0.7498913190222466	0.4517115199321912
309288.0	321	580.0	984.0	373.0	cell phone	0.8319194685187858	0.4720095512716837
310818.0	322	2419.0	900.0	369.0	cell phone	0.7261754260940099	0.5280501838442898
312167.0	323	220.0	777.0	170.0	cell phone	0.20608345767621786	0.11183359834104313
313877.0	324	2979.0	845.0	224.0	cell phone	0.11791913070563215	0.08461464491920494
315937.0	325	920.0	862.0	249.0	cell phone	0.2257142854707051	0.02857142854059558
316606.0	326	340.0	967.0	370.0	cell phone	0.816241265141193	0.3842905080072335
316876.0	327	160.0	829.0	326.0	cell phone	0.4167616577411095	0.3537394599083015
317196.0	328	240.0	775.0	163.0	others		
317446.0	329	180.0	935.0	229.0	cell phone	0.5336150343617326	0.12398458567342338
317596.0	330	80.0	1022.0	214.0	cell phone	0.9152817393816272	0.12835089153892912
318516.0	331	1680.0	888.0	375.0	cell phone	0.7052412281268626	0.512939508349636
319666.0	332	420.0	848.0	245.0	cell phone	0.5467066029786021	0.17113415957064146
320246.0	333	660.0	831.0	320.0	cell phone	0.2817796363103812	0.32224212029141525
320745.0	334	260.0	1001.0	487.0	cell phone	0.8224974403320596	0.6129775720631735
321415.0	335	980.0	855.0	276.0	cell phone	0.14662371309646355	0.2122196440427601
322105.0	336	340.0	908.0	523.0	cell phone	0.3198957934417441	0.6736724954630304
322485.0	337	360.0	992.0	462.0	cell phone	0.8049940323400799	0.6785877211766341
322785.0	338	220.0	841.0	388.0	cell phone	0.42878888212396665	0.5527880513199696
323095.0	339	360.0	933.0	391.0	cell phone	0.6640357844705241	0.5780290772747011
323465.0	340	300.0	773.0	217.0	cell phone	0.28336396171978656	0.19675950765715336
323865.0	341	380.0	837.0	477.0	cell phone	0.31036286696020104	0.6190295593288423
324354.0	342	560.0	829.0	259.0	cell phone	0.3034960500095552	0.2368753311293151
324804.0	343	220.0	897.0	543.0	cell phone	0.40924895951824986	0.674228302283594
325114.0	344	320.0	991.0	462.0	cell phone	0.783134372699236	0.542815824790338
325624.0	345	660.0	832.0	508.0	cell phone	0.3165393858506241	0.5709664885056783
326174.0	346	400.0	869.0	502.0	cell phone	0.3260990348080226	0.7494208521866469
326664.0	347	540.0	864.0	346.0	cell phone	0.24556823146473666	0.5236108130700983
327204.0	348	500.0	868.0	222.0	cell phone	0.3383972346440338	0.2103888425223916
327684.0	349	420.0	998.0	326.0	cell phone	0.802647901561126	0.284961551210522
328204.0	350	580.0	827.0	295.0	cell phone	0.26892376371299176	0.1949021437345474
328734.0	351	280.0	902.0	335.0	cell phone	0.4728033785739033	0.2826850743453414
329364.0	352	940.0	834.0	246.0	cell phone	0.17038833678852314	0.11401505208354402
330573.0	353	1360.0	970.0	437.0	cell phone	0.6416382252559727	0.5831842576028623
331523.0	354	480.0	912.0	415.0	cell phone	0.5751033369313394	0.5365019517009799
331873.0	355	200.0	842.0	498.0	cell phone	0.32363134603377564	0.6629598356386109
332423.0	356	800.0	813.0	239.0	cell phone	0.11592905711708	0.11574168620971
333123.0	357	500.0	969.0	479.0	cell phone	0.7817444885190356	0.5954674190762689
333562.0	358	300.0	842.0	507.0	cell phone	0.3757407795869154	0.6224162804656739
333962.0	359	460.0	896.0	517.0	cell phone	0.5423928879652997	0.6485718598471013
334382.0	360	300.0	775.0	227.0	cell phone	0.13645139966496506	0.10025169492708297
334702.0	361	220.0	963.0	452.0	cell phone	0.7329321540080468	0.5348430161606716
334942.0	362	220.0	867.0	482.0	cell phone	0.4468903092954945	0.6297475295837993
335312.0	363	440.0	867.0	537.0	cell phone	0.4674074660163266	0.6724226844216582
335732.0	364	320.0	789.0	229.0	cell phone	0.24165249556972554	0.15282461373189765
336322.0	365	740.0	888.0	491.0	cell phone	0.4765779498704604	0.5952453844295448
336952.0	366	480.0	971.0	510.0	cell phone	0.7826193525186574	0.6493500581358409
337252.0	367	80.0	884.0	489.0	cell phone	0.5586720285163149	0.6515458800380303
337771.0	368	880.0	854.0	498.0	cell phone	0.5160367410772764	0.6596173989567905
338521.0	369	540.0	819.0	247.0	cell phone	0.5000558582365547	0.1544295408193986
339131.0	370	600.0	844.0	265.0	cell phone	0.5577946170249377	0.12230399373803567
339611.0	371	200.0	869.0	571.0	cell phone	0.5084987017288843	0.6742440160616469
340031.0	372	520.0	873.0	254.0	cell phone	0.5855103666144179	0.15403415524573227
340441.0	373	220.0	878.0	238.0	cell phone	0.5874300041271752	0.1353863827403372
340721.0	374	220.0	856.0	559.0	cell phone	0.40823620644502295	0.6997301567825673
340951.0	375	200.0	870.0	476.0	cell phone	0.4433212476298699	0.6003805276731821
341191.0	376	200.0	867.0	467.0	cell phone	0.4848285954446793	0.6472089221511006
341481.0	377	340.0	967.0	435.0	cell phone	0.7262578510728668	0.5980360275252434
341901.0	378	440.0	882.0	209.0	cell phone	0.6572053476689138	0.12751997784601252
342371.0	379	360.0	849.0	529.0	cell phone	0.4565907719388619	0.6494628217302351
342640.0	380	100.0	873.0	518.0	cell phone	0.4993296799596817	0.574467814873445
342850.0	381	280.0	960.0	505.0	cell phone	0.7477442836869118	0.5652119277080877
343270.0	382	480.0	915.0	318.0	cell phone	0.7727297898123278	0.10731986805985701
343830.0	383	520.0	874.0	353.0	cell phone	0.01313108359519681	0.1301145993523741
344380.0	384	300.0	925.0	379.0	cell phone	0.15775318961534274	0.1265192810401335
344820.0	385	380.0	1009.0	499.0	cell phone	0.8611457895371284	0.7408386331462404
346260.0	386	2379.0	908.0	323.0	cell phone	0.3071349784901977	0.03485054919568772
347649.0	387	280.0	1004.0	494.0	cell phone	0.8430682881197381	0.6466687454526557
348929.0	388	2159.0	872.0	293.0	cell phone	0.39677594077428346	0.13350405328174494
350209.0	389	280.0	999.0	532.0	cell phone	0.7719563190604352	0.6977481307995209
350658.0	390	500.0	845.0	179.0	cell phone	0.3840861523297014	0.0948665075521636
351108.0	391	320.0	949.0	455.0	cell phone	0.7690095823518615	0.5983803140446673
351498.0	392	380.0	836.0	212.0	cell phone	0.36090096853534176	0.10480779099052286
351948.0	393	400.0	948.0	516.0	cell phone	0.7022053867613604	0.7228053585225148
352458.0	394	420.0	895.0	183.0	cell phone	0.569394445742286	0.09324707878974953
352798.0	395	200.0	975.0	381.0	cell phone	0.8375621308223284	0.4376417721514142
353118.0	396	340.0	961.0	530.0	cell phone	0.8950231660428266	0.7339484133137418
353728.0	397	760.0	824.0	168.0	surroundings		
354298.0	398	140.0	975.0	590.0	building		
355307.0	399	160.0	886.0	461.0	cell phone	0.6958557147018559	0.56980658692125
355537.0	400	260.0	1001.0	494.0	cell phone	0.7931800847068089	0.7218042781286758
356227.0	401	1000.0	892.0	228.0	cell phone	0.3599510537297895	0.11606903390141045
356947.0	402	280.0	1002.0	465.0	cell phone	0.8936604719955327	0.7207623519114477
357297.0	403	300.0	847.0	141.0	cell phone	0.2884818658443015	0.08595911783703124
357567.0	404	200.0	940.0	156.0	cell phone	0.514267432277999	0.1205791716626292
358037.0	405	660.0	885.0	387.0	cell phone	0.4590406902783632	0.5624483412533171
358477.0	406	140.0	912.0	498.0	cell phone	0.28994082840236685	0.7879746835443038
358707.0	407	240.0	1027.0	420.0	cell phone	0.8864517889984251	0.7066199084461503
359026.0	408	360.0	885.0	405.0	cell phone	0.4919961483323536	0.7050346070844621
359316.0	409	180.0	928.0	306.0	cell phone	0.559845421177705	0.5120193679238301
359576.0	410	300.0	1038.0	402.0	cell phone	0.8821103422781341	0.6780818648856971
359866.0	411	160.0	928.0	174.0	cell phone	0.6565792715743517	0.27543799073580416
360136.0	412	340.0	935.0	74.0	cell phone	0.6082479661768629	0.08401032975219645
360426.0	413	160.0	982.0	283.0	cell phone	0.7622750496189272	0.4044755688723865
360636.0	414	180.0	821.0	309.0	cell phone	0.2433673176152367	0.4309254625255734
360956.0	415	380.0	1010.0	477.0	cell phone	0.8408959424613038	0.7187712138401859
361436.0	416	460.0	867.0	106.0	cell phone	0.397978687425094	0.10933878047399227
361736.0	417	80.0	783.0	109.0	cell phone	0.10208477321301783	0.1078873956430848
362016.0	418	340.0	1025.0	458.0	cell phone	0.8830835005364184	0.6933952764978567
362426.0	419	360.0	822.0	114.0	cell phone	0.22618078556721705	0.1285967258070656
362726.0	420	180.0	956.0	83.0	cell phone	0.5749361980711815	0.07057215161952067
363005.0	421	240.0	1038.0	474.0	cell phone	0.88852676551285	0.7216556554114177
363415.0	422	460.0	830.0	91.0	cell phone	0.23673143015921824	0.061955340927803526
363835.0	423	260.0	1026.0	498.0	cell phone	0.8954978760398724	0.7193111934251736
364305.0	424	520.0	886.0	167.0	cell phone	0.4134508596768019	0.11440567329861047
364805.0	425	280.0	891.0	187.0	cell phone	0.4616608406912524	0.12164328958716987
365205.0	426	240.0	1025.0	555.0	cell phone	0.8903844548524799	0.7919670400915118
365565.0	427	440.0	920.0	491.0	cell phone	0.4030377922900992	0.7532336586344393
366015.0	428	420.0	1010.0	340.0	cell phone	0.6498525814927765	0.4677527686452162
366395.0	429	300.0	877.0	357.0	cell phone	0.33076602141378025	0.48263932190978703
366635.0	430	140.0	1003.0	339.0	cell phone	0.7107608313402458	0.4193723175979783
366855.0	431	220.0	917.0	117.0	building		
367205.0	432	440.0	831.0	188.0	surroundings		
367764.0	433	560.0	893.0	294.0	cell phone	0.37886795255523614	0.012225158812972555
368164.0	434	120.0	947.0	549.0	cell phone	0.4252887043400251	0.6164684261613096
368364.0	435	80.0	982.0	497.0	cell phone	0.3371276996893917	0.6911724084572202
368644.0	436	200.0	983.0	368.0	cell phone	0.7209791408862469	0.4918974998722279
368964.0	437	360.0	912.0	193.0	cell phone	0.534926377982597	0.10194714809628214
369304.0	438	240.0	921.0	376.0	cell phone	0.4459901446052785	0.5037766671440849
369494.0	439	100.0	853.0	362.0	cell phone	0.191543397125372	0.5117174019437241
369844.0	440	520.0	969.0	451.0	cell phone	0.9574069417913256	0.7418556527481085
371194.0	441	2119.0	909.0	437.0	cell phone	0.21432985440907765	0.7170047020343099
372463.0	442	360.0	879.0	115.0	cell phone	0.2595695454904605	0.14158775466849433
372833.0	443	360.0	932.0	273.0	cell phone	0.40643789396438573	0.40178380631945504
373913.0	444	1700.0	881.0	199.0	surroundings		
374973.0	445	300.0	915.0	241.0	cell phone	0.3598544203513929	0.09059478896780217
375432.0	446	460.0	890.0	216.0	cell phone	0.3143991177883064	0.0545330161122303
375782.0	447	160.0	1057.0	325.0	cell phone	0.9262498478563004	0.2894575245578861
376212.0	448	660.0	1000.0	402.0	cell phone	0.9374488834733355	0.488657171535197
376842.0	449	560.0	919.0	500.0	cell phone	0.8510085532779957	0.6438404042095299
377672.0	450	980.0	913.0	405.0	cell phone	0.5907952065629121	0.4172812426754074
379042.0	451	1520.0	870.0	215.0	cell phone	0.29221323122889065	0.1733459920436964
381051.0	452	2240.0	879.0	265.0	cell phone	0.1216330349327077	0.08471129119277927
382931.0	453	1480.0	867.0	255.0	cell phone	0.2195315238747433	0.03763695715931457
384071.0	454	500.0	948.0	290.0	cell phone	0.3452171191982551	0.1327171189715547
384571.0	455	460.0	982.0	377.0	cell phone	0.608488498049807	0.3746153780967893
385150.0	456	660.0	925.0	214.0	cell phone	0.5918095972236469	0.08098680337771774
385590.0	457	180.0	924.0	355.0	cell phone	0.5666940393367512	0.40281221779631776
385810.0	458	220.0	888.0	417.0	cell phone	0.2924400253948401	0.5534842849571225
385980.0	459	80.0	987.0	389.0	cell phone	0.5173908819936175	0.5385705308258028
386140.0	460	160.0	895.0	186.0	cell phone	0.2467185840086428	0.13531128506226406
386450.0	461	420.0	963.0	203.0	cell phone	0.6636929931785059	0.1105870186162052
387450.0	462	1540.0	961.0	231.0	cell phone	0.649867374005305	0.2683333333333333
388410.0	463	340.0	898.0	340.0	cell phone	0.3586691335810707	0.4801920309996218
388679.0	464	160.0	976.0	278.0	cell phone	0.5341658354030776	0.3869670066419759
388849.0	465	140.0	1058.0	147.0	cell phone	0.7784195839326941	0.1806555833302632
389129.0	466	340.0	1014.0	353.0	cell phone	0.5852814268439179	0.5528404086569825
389419.0	467	200.0	929.0	311.0	cell phone	0.2081987111060355	0.3923677690321799
389719.0	468	360.0	937.0	256.0	cell phone	0.3903315324880425	0.1606395842468342
390209.0	469	540.0	964.0	407.0	cell phone	0.5685334139973584	0.5261173462633837
390849.0	470	620.0	987.0	201.0	cell phone	0.4904487143236465	0.13326050940629142
391239.0	471	80.0	874.0	227.0	cell phone	0.264553487274663	0.10544533738057134
392459.0	472	2079.0	882.0	242.0	cell phone	0.7384362421943784	0.2513600289706409
393678.0	473	160.0	896.0	251.0	cell phone	0.8223334872656214	0.22110382706466628
394218.0	474	680.0	937.0	257.0	cell phone	0.6989031443560585	0.14251254542628242
394938.0	475	720.0	902.0	219.0	cell phone	0.20658682634730535	0.2508532423208191
395558.0	476	480.0	1049.0	179.0	cell phone	0.6421050099879358	0.19297867716079856
396448.0	477	1100.0	965.0	193.0	cell phone	0.3868194842406877	0.11310592459605028
397237.0	478	440.0	1007.0	90.0	cell phone	0.18165857529334808	0.10956802430029372
397717.0	479	320.0	968.0	187.0	cell phone	0.6779654846954066	0.12806101540998702
398087.0	480	380.0	1000.0	203.0	cell phone	0.8670743535890096	0.20048470856851824
398457.0	481	280.0	829.0	100.0	cell phone	0.35323259583783256	0.12062430606333688
398727.0	482	140.0	887.0	270.0	cell phone	0.631353074022574	0.33754673171165644
399077.0	483	360.0	888.0	388.0	cell phone	0.718167041982248	0.4394539437875351
399367.0	484	180.0	925.0	280.0	cell phone	0.8819815004284242	0.1829636244319748
399887.0	485	820.0	836.0	282.0	cell phone	0.5472710567844414	0.1656189787651048
400517.0	486	400.0	941.0	201.0	cell phone	0.779917998664441	0.2833326769837954
400967.0	487	420.0	767.0	154.0	cell phone	0.2295098808987611	0.1596315248251317
401866.0	488	1280.0	926.0	242.0	cell phone	0.7907244982744119	0.257316320565065
403736.0	489	2339.0	883.0	268.0	cell phone	0.3630513709619239	0.216354876773735
405036.0	490	160.0	999.0	214.0	cell phone	0.746987819681679	0.1982100899404204
405345.0	491	380.0	810.0	197.0	cell phone	0.18352496777651586	0.1403158612223313
405675.0	492	200.0	1010.0	223.0	cell phone	0.7645807623778752	0.2285394122519355
406045.0	493	340.0	830.0	218.0	cell phone	0.19127512577404412	0.22330995860536515
407145.0	494	1820.0	903.0	222.0	cell phone	0.4019213920456533	0.19977778743022231
408925.0	495	1700.0	992.0	247.0	cell phone	0.7345328863102816	0.17407489977290858
410854.0	496	1920.0	867.0	252.0	cell phone	0.3237018159071909	0.18784179294643236
412054.0	497	460.0	1019.0	215.0	cell phone	0.7660366241970228	0.20026970447997025
412414.0	498	160.0	957.0	360.0	cell phone	0.5175867903644061	0.4694458516579882
413304.0	499	1600.0	946.0	394.0	cell phone	0.5148112283373718	0.5783929608719086
414563.0	500	780.0	911.0	330.0	cell phone	0.460273202118737	0.4755982851558529
415163.0	501	180.0	789.0	62.0	building		
415443.0	502	140.0	841.0	135.0	cell phone	0.1851573969353726	0.03282312287990211
416323.0	503	660.0	996.0	428.0	cell phone	0.4968403292044603	0.4295438781380029
417873.0	504	2359.0	934.0	264.0	cell phone	0.3455960547707818	0.06808979236526122
419522.0	505	860.0	960.0	328.0	cell phone	0.4365879369020448	0.5836893931509427
420402.0	506	740.0	948.0	306.0	cell phone	0.3787373956897276	0.5305408306981763
421272.0	507	960.0	937.0	284.0	cell phone	0.8391854328808278	0.3506975441752268
422172.0	508	620.0	955.0	334.0	cell phone	0.6357258621498344	0.3846224139639977
424101.0	509	3119.0	926.0	303.0	cell phone	0.4517921217243562	0.39352596269971096
425791.0	510	200.0	881.0	342.0	cell phone	0.4226262872425224	0.3556612516960856
426081.0	511	180.0	904.0	413.0	cell phone	0.461496982630019	0.436908583372267
427010.0	512	1640.0	884.0	325.0	cell phone	0.3792423208319941	0.2739676816459167
427940.0	513	180.0	911.0	423.0	cell phone	0.41369422999804856	0.4333747396566539
428630.0	514	1160.0	1001.0	414.0	cell phone	0.7040960681559097	0.3614372889588701
429810.0	515	1160.0	979.0	401.0	cell phone	0.7124265284343073	0.40978995999974
430570.0	516	320.0	844.0	351.0	cell phone	0.3768897324924807	0.2881907682464239
431339.0	517	900.0	960.0	382.0	cell phone	0.6850737174731971	0.3289376446095582
431967.5	518	140.0	903.0	349.0	cell phone	0.4699008494472478	0.2803837729023745
432399.0	519	700.0	928.0	427.0	cell phone	0.5107516732848207	0.4285267042325715
433109.0	520	500.0	911.0	382.0	cell phone	0.4862969326194426	0.3143095673652325
433659.0	521	540.0	863.0	211.0	surroundings		
434499.0	522	1060.0	956.0	390.0	cell phone	0.5473505142311115	0.4179731576918989
435599.0	523	1100.0	891.0	344.0	cell phone	0.5040849070951877	0.3366869729065791
436378.0	524	420.0	916.0	463.0	cell phone	0.4095753321076857	0.5994104440253729
436708.0	525	120.0	898.0	186.0	cell phone	0.3727797204701565	0.13893376124681542
436858.0	526	140.0	838.0	147.0	surroundings		
437208.0	527	480.0	1020.0	401.0	cell phone	0.8721715738457657	0.39537818861559215
437508.0	528	80.0	919.0	420.0	cell phone	0.5803894511710015	0.3790659641121962
437668.0	529	160.0	959.0	334.0	cell phone	0.7385546444475569	0.2792689326206653
438518.0	530	1460.0	955.0	467.0	cell phone	0.5395232469889966	0.4839018526015949
439348.0	531	160.0	939.0	291.0	cell phone	0.4677898615046445	0.24060227657978586
439748.0	532	600.0	898.0	244.0	others		
440967.0	533	80.0	872.0	123.0	others		
441267.0	534	160.0	1132.0	447.0	cell phone	0.7654723127035831	0.31703204047217537
441417.0	535	100.0	1028.0	318.0	cell phone	0.4670509612287341	0.18521387214317592
442057.0	536	1160.0	966.0	266.0	others		
443007.0	537	200.0	1031.0	435.0	cell phone	0.6209066292403097	0.5084896273267379
443277.0	538	300.0	934.0	358.0	cell phone	0.2392638036809816	0.4425196850393701
444096.0	539	1300.0	957.0	337.0	cell phone	0.7270457518089127	0.4036846758349529
444866.0	540	80.0	986.0	194.0	cell phone	0.8537313432835821	0.11937716262975777
445036.0	541	220.0	900.0	240.0	cell phone	0.6085929670902517	0.2454415254260065
445276.0	542	220.0	984.0	293.0	cell phone	0.9055299539170508	0.325
445846.0	543	360.0	861.0	200.0	cell phone	0.3542593918382101	0.13554790778738954
446116.0	544	140.0	875.0	280.0	cell phone	0.4214233460892495	0.30092605429720737
446296.0	545	180.0	987.0	268.0	cell phone	0.7346971662188521	0.2741198409676737
446826.0	546	800.0	875.0	225.0	cell phone	0.4953841471596259	0.1783742510841605
447786.0	547	960.0	973.0	190.0	cell phone	0.7720606901446259	0.1414968498834405
448885.0	548	1200.0	1020.0	190.0	cell phone	0.9042712451431832	0.12296866562378185
449815.0	549	620.0	949.0	233.0	cell phone	0.6259288601794217	0.13309362222769672
450385.0	550	440.0	965.0	385.0	cell phone	0.5176166763713834	0.5363135881756433
450795.0	551	300.0	940.0	344.0	cell phone	0.5031316400956761	0.5018624861732596
451405.0	552	840.0	952.0	199.0	cell phone	0.700738357749214	0.16327283734986364
452075.0	553	320.0	926.0	270.0	cell phone	0.5523653379602436	0.09936776211353812
452614.0	554	460.0	951.0	244.0	cell phone	0.6051133081081798	0.09210369888568654
453224.0	555	620.0	970.0	284.0	cell phone	0.7101093166248317	0.08049134348087196
454234.0	556	1140.0	980.0	253.0	cell phone	0.7597881889924784	0.1046298129771068
455084.0	557	520.0	969.0	379.0	cell phone	0.5261392168552188	0.4550434334343687
455404.0	558	80.0	1048.0	250.0	cell phone	0.8117143588369585	0.22009690277696686
455834.0	559	660.0	1037.0	219.0	cell phone	0.8655472788326736	0.14270562720726665
457023.0	560	1680.0	959.0	374.0	cell phone	0.5371822238768431	0.48497227573262
458153.0	561	540.0	1042.0	210.0	cell phone	0.9037490807921648	0.2184687191658849
458763.0	562	600.0	1022.0	238.0	cell phone	0.739999054911482	0.2745466845902862
459273.0	563	380.0	902.0	229.0	cell phone	0.3577261641761479	0.10906596712308272
460143.0	564	1240.0	871.0	293.0	cell phone	0.09201236021411176	0.04573058862839514
461113.0	565	660.0	1030.0	326.0	cell phone	0.928425974929892	0.05803187566548248
462072.0	566	1200.0	897.0	323.0	surroundings		
463202.0	567	980.0	938.0	308.0	cell phone	0.6249443634103345	0.06486928759247894
464632.0	568	1820.0	1008.0	130.0	cell phone	0.7892545009551191	0.14476081941418434
465701.0	569	280.0	985.0	122.0	cell phone	0.5326832575357953	0.1599488125451813
466001.0	570	160.0	1010.0	130.0	cell phone	0.6842259024663202	0.17224891414261145
466301.0	571	400.0	893.0	123.0	cell phone	0.2741351480384893	0.15334389575297785
466911.0	572	660.0	964.0	124.0	cell phone	0.4387949625091205	0.15476509076636147
468761.0	573	2919.0	952.0	215.0	cell phone	0.7694208360743954	0.18571612247942196
470650.0	574	780.0	762.0	149.0	cell phone	0.125229057995632	0.1003227971458066
471690.0	575	1200.0	950.0	188.0	cell phone	0.8457108478291173	0.19018159669199533
472930.0	576	1080.0	925.0	223.0	cell phone	0.9112695765370132	0.15492235979035598
474359.0	577	1560.0	932.0	254.0	cell phone	0.8964826421931895	0.1358040166623063
475429.0	578	500.0	880.0	426.0	cell phone	0.4084316536346016	0.5597420426307425
475949.0	579	460.0	1015.0	259.0	cell phone	0.2839920223704065	0.0803403590195512
476519.0	580	640.0	912.0	285.0	cell phone	0.16005894302470644	0.29559181653992656
477039.0	581	80.0	526.0	135.0	building		
477139.0	582	80.0	693.0	103.0	surroundings		
477279.0	583	160.0	698.0	144.0	building		
477529.0	584	180.0	1067.0	333.0	cell phone	0.4807314386164036	0.12005487739312384
477848.0	585	420.0	1071.0	257.0	cell phone	0.11695906432748535	0.07492354740061162
478188.0	586	220.0	920.0	250.0	cell phone	0.1202441427138135	0.1889185443166031
478578.0	587	520.0	1000.0	240.0	cell phone	0.9283228061183484	0.20231678582423465
479028.0	588	340.0	993.0	163.0	cell phone	0.8707065079000277	0.009712886589395795
479398.0	589	360.0	877.0	220.0	cell phone	0.3946323160405793	0.08688488269791399
479678.0	590	160.0	1044.0	219.0	building		
479898.0	591	200.0	824.0	246.0	cell phone	0.2797784539459444	0.07522353604303905
480268.0	592	460.0	977.0	239.0	cell phone	0.8935988449080517	0.09705101918078574
481927.0	593	2619.0	923.0	252.0	cell phone	0.9073221014026941	0.14675575699445811
484377.0	594	1000.0	907.0	304.0	cell phone	0.10959033327492858	0.2711669313797492
485317.0	595	120.0	703.0	73.0	others		
485647.0	596	500.0	886.0	179.0	surroundings		
486146.0	597	100.0	1087.0	596.0	others		
486346.0	598	60.0	759.0	539.0	cell phone	0.3764282943897209	0.2460105349746945
486606.0	599	300.0	1053.0	414.0	cell phone	0.5038068977969439	0.007105403732462851
486976.0	600	200.0	995.0	282.0	cell phone	0.1769247989560474	0.539784967447838
487356.0	601	280.0	1152.0	388.0	surroundings		
487626.0	602	220.0	1066.0	386.0	surroundings		
487856.0	603	200.0	1006.0	402.0	surroundings		
488296.0	604	160.0	317.0	239.0	surroundings		
488706.0	605	100.0	1061.0	533.0	cell phone	0.809165152176673	0.4495630621036151
488876.0	606	160.0	941.0	344.0	cell phone	0.5596307894718138	0.3636815358008389
489156.0	607	120.0	985.0	595.0	others		
489356.0	608	120.0	1100.0	742.0	others		
489646.0	609	100.0	1050.0	708.0	others		
490196.0	610	120.0	1282.0	462.0	others		
490356.0	611	160.0	1334.0	433.0	others		
491435.0	612	280.0	186.0	66.0	surroundings		
492535.0	613	440.0	1153.0	507.0	others		
492885.0	614	140.0	970.0	674.0	surroundings		
495144.0	615	140.0	964.0	518.0	building		
497764.0	616	140.0	1211.0	577.0	building		
498024.0	617	180.0	1230.0	723.0	surroundings		
498434.0	618	200.0	1208.0	542.0	surroundings		
500833.0	619	200.0	1010.0	423.0	cell phone	0.3279871123351263	0.09362222688031596
501283.0	620	660.0	1043.0	417.0	cell phone	0.4641896671222826	0.5051332379731116
502198.5	621	100.0	1133.0	3.0	surroundings		
502583.0	622	380.0	1022.0	401.0	cell phone	0.3818848851726038	0.2851486729738081
503063.0	623	480.0	1012.0	373.0	cell phone	0.5826285541192275	0.5628751741536818
504692.0	624	1400.0	976.0	387.0	cell phone	0.4348107187444635	0.571753212508312
505582.0	625	300.0	973.0	191.0	cell phone	0.532250965310566	0.20233196300989106
505852.0	626	200.0	878.0	319.0	cell phone	0.5224274406332454	0.2885572139303483
506162.0	627	380.0	892.0	269.0	surroundings		
506692.0	628	480.0	902.0	388.0	surroundings		
509601.0	629	1100.0	924.0	397.0	cell phone	0.42542537026378224	0.3143283961537715
510351.0	630	360.0	946.0	219.0	cell phone	0.3650241695265758	0.06336001811480654
511750.0	631	980.0	982.0	357.0	cell phone	0.3936820955284126	0.5187194612162953
512670.0	632	800.0	945.0	161.0	surroundings		
513223.0	633	260.0	1014.0	290.0	cell phone	0.7222244165480691	0.09284074695696888
513780.0	634	580.0	959.0	313.0	cell phone	0.4488448844884488	0.31746031746031744
514250.0	635	320.0	1016.0	198.0	cell phone	0.7436763738433598	0.20129883055949305
514550.0	636	240.0	881.0	212.0	cell phone	0.3222544095274526	0.11532064264556625
516439.0	637	100.0	406.0	88.0	surroundings		
517319.0	638	180.0	499.0	27.0	surroundings		
518009.0	639	80.0	1036.0	435.0	cell phone	0.6977682613621936	0.46786496633883795
518229.0	640	320.0	946.0	325.0	cell phone	0.7317073170731707	0.24104234527687296
518529.0	641	200.0	883.0	471.0	cell phone	0.3824451410658307	0.5161290322580645
519029.0	642	720.0	950.0	399.0	cell phone	0.5817660641287661	0.6115810130758752
519689.0	643	400.0	1029.0	179.0	cell phone	0.7174359396947554	0.13384594414701595
520028.0	644	200.0	903.0	185.0	cell phone	0.33134328358208953	0.10052910052910052
520218.0	645	100.0	922.0	223.0	cell phone	0.3	0.11733800350262695
520418.0	646	260.0	1047.0	187.0	cell phone	0.7412790697674418	0.1086206896551724
520778.0	647	220.0	1070.0	218.0	cell phone	0.7007452728590094	0.23406306844912336
521388.0	648	920.0	1013.0	199.0	cell phone	0.8891672383655568	0.10286830093961613
522148.0	649	500.0	996.0	270.0	cell phone	0.7062314540059347	0.1891891891891892
522998.0	650	1120.0	921.0	259.0	cell phone	0.5636077850588296	0.11199334389649822
523758.0	651	340.0	939.0	138.0	cell phone	0.6907449209932279	0.1924242424242424
524257.0	652	340.0	793.0	153.0	cell phone	0.4206867146261408	0.21703284900752096
524577.0	653	220.0	801.0	326.0	cell phone	0.6141796490654183	0.4656866925738567
525277.0	654	1140.0	758.0	225.0	cell phone	0.12407124659581592	0.264356581447885
526317.0	655	900.0	825.0	248.0	cell phone	0.7201018946590847	0.1772279680426261
527657.0	656	620.0	872.0	288.0	cell phone	0.7837596938418798	0.2598032674852647
529286.0	657	920.0	933.0	314.0	cell phone	0.5756506026436282	0.2022455913949416
529876.0	658	220.0	887.0	347.0	cell phone	0.6315318208079411	0.3302854430267574
530096.0	659	140.0	889.0	441.0	cell phone	0.3871525459811219	0.5885957790547381
530366.0	660	360.0	979.0	420.0	cell phone	0.545886253978548	0.6048763915691806
530746.0	661	320.0	1047.0	96.0	cell phone	0.6237975279381432	0.09065074435935082
531726.0	662	80.0	1620.0	127.0	surroundings		
531896.0	663	220.0	1423.0	22.0	building		
532456.0	664	520.0	859.0	311.0	cell phone	0.4931506849315068	0.5081699346405228
532876.0	665	220.0	1041.0	47.0	cell phone	0.6314743051867421	0.07425204520759772
533065.5	666	120.0	951.0	155.0	cell phone	0.4812680115273775	0.20556414219474495
533335.0	667	400.0	1048.0	63.0	cell phone	0.8351351351351352	0.06948640483383686
535025.0	668	2799.0	904.0	315.0	cell phone	0.4378760902793214	0.5298822557442625
536545.0	669	200.0	919.0	137.0	cell phone	0.4539218104867578	0.21548051441159388
537324.0	670	80.0	987.0	12.0	building		
537684.0	671	600.0	931.0	81.0	cell phone	0.5860784794509549	0.13176306504447158
538604.0	672	800.0	924.0	100.0	cell phone	0.4267352185089974	0.1345565749235474
539164.0	673	280.0	941.0	265.0	cell phone	0.4415584415584416	0.4046875
539394.0	674	140.0	919.0	151.0	cell phone	0.3802083333333333	0.231378763866878
539544.0	675	120.0	886.0	319.0	cell phone	0.2597402597402597	0.4992050874403816
539944.0	676	640.0	953.0	341.0	cell phone	0.4341566378483889	0.5250611778777443
540484.0	677	200.0	874.0	173.0	cell phone	0.21553884711779447	0.2492354740061162
540824.0	678	440.0	889.0	98.0	cell phone	0.4480453566333608	0.05468410526825592
541454.0	679	780.0	990.0	122.0	cell phone	0.6751968503937008	0.06276747503566334
542173.0	680	600.0	914.0	174.0	cell phone	0.5228013029315961	0.05612998522895125
542833.0	681	700.0	1045.0	164.0	cell phone	0.8122807017543859	0.07848837209302326
543753.0	682	1000.0	997.0	208.0	cell phone	0.7269989038461692	0.05965188434455008
544933.0	683	1300.0	955.0	257.0	cell phone	0.31980577999941423	0.13039369304239082
546482.0	684	1760.0	941.0	250.0	cell phone	0.3969957081545064	0.14040114613180515
547612.0	685	420.0	820.0	236.0	cell phone	0.3097853552842104	0.13457159782095154
547902.0	686	120.0	938.0	239.0	cell phone	0.5089463220675944	0.14809590973201692
548142.0	687	80.0	937.0	247.0	cell phone	0.5251509054325956	0.15902578796561606
548652.0	688	900.0	1000.0	205.0	cell phone	0.6591375770020534	0.15439093484419264
549741.0	689	1200.0	946.0	203.0	cell phone	0.5087174302671642	0.1524080916286809
551081.0	690	1400.0	881.0	221.0	cell phone	0.3076923076923077	0.1632088520055325
552081.0	691	520.0	968.0	344.0	cell phone	0.5452668998385165	0.3911372161184434
552831.0	692	780.0	944.0	399.0	cell phone	0.5242914979757085	0.4708333333333333
553471.0	693	400.0	919.0	161.0	cell phone	0.4760869565217392	0.15498652291105122
553951.0	694	340.0	918.0	164.0	surroundings		
554331.0	695	380.0	1036.0	261.0	cell phone	0.3401826484018265	0.17083946980854198
555710.0	696	860.0	1070.0	322.0	cell phone	0.621380846325167	0.1918429003021148
556480.0	697	400.0	975.0	301.0	cell phone	0.5425	0.1471927162367223
557040.0	698	440.0	906.0	302.0	cell phone	0.252054794520548	0.061349693251533735
557950.0	699	1140.0	991.0	321.0	cell phone	0.6032171581769437	0.12084592145015105
558669.0	700	140.0	916.0	349.0	cell phone	0.4690959818061641	0.22454563529596666
558899.0	701	160.0	963.0	354.0	cell phone	0.6168552293275579	0.34166826858922644
559169.0	702	340.0	978.0	228.0	cell phone	0.6610618919787691	0.2057500663403448
559699.0	703	480.0	973.0	465.0	cell phone	0.5049211615510235	0.4836345101933834
560159.0	704	360.0	948.0	301.0	cell phone	0.5850136324949198	0.14408541988826115
560769.0	705	540.0	906.0	277.0	cell phone	0.5595673676864878	0.1207645868074304
562289.0	706	140.0	715.0	23.0	surroundings		
562978.0	707	400.0	1016.0	446.0	cell phone	0.4391873181340341	0.4292260608397937
563288.0	708	180.0	1035.0	303.0	cell phone	0.3717948717948718	0.17403708987161198
563848.0	709	740.0	934.0	348.0	cell phone	0.6079025069194729	0.2153166486626901
564338.0	710	200.0	906.0	340.0	cell phone	0.6760431309594312	0.2545457083788317
564678.0	711	320.0	905.0	390.0	cell phone	0.5437017973184299	0.25696090218082124
565068.0	712	420.0	950.0	419.0	cell phone	0.5264333733658089	0.4239872857347722
565578.0	713	560.0	969.0	444.0	cell phone	0.5119437980982331	0.5694875144767756
565988.0	714	220.0	944.0	336.0	cell phone	0.4555918345583724	0.3126154256924245
566228.0	715	220.0	1018.0	273.0	cell phone	0.7016446735451515	0.1862445668871346
566487.0	716	180.0	897.0	272.0	cell phone	0.4462695043029292	0.1606339913338644
566877.0	717	560.0	973.0	242.0	cell phone	0.7459912056881909	0.19060569733814156
567307.0	718	260.0	881.0	283.0	cell phone	0.5499033170340583	0.23204189655154905
568837.0	719	2719.0	922.0	402.0	cell phone	0.4437888926078413	0.4804970968281012
570966.0	720	1380.0	941.0	393.0	cell phone	0.4386091208736803	0.4558998148688078
572546.0	721	1560.0	939.0	413.0	cell phone	0.4862757404028364	0.5738299024026653
573676.0	722	620.0	981.0	332.0	cell phone	0.9283654688648056	0.4813914114882595
574126.0	723	180.0	938.0	482.0	cell phone	0.8053974020858359	0.7010871475658397
574336.0	724	160.0	930.0	327.0	cell phone	0.8546921628757324	0.4440063258495359
574606.0	725	300.0	942.0	500.0	cell phone	0.7943723042972561	0.7068322484956588
575565.0	726	1580.0	934.0	345.0	cell phone	0.7037563390541103	0.4309085752643141
576735.0	727	720.0	844.0	294.0	cell phone	0.2460802357164252	0.2519085532316317
577245.0	728	220.0	1028.0	449.0	cell phone	0.8939469729160536	0.6481541078309414
577905.0	729	780.0	891.0	221.0	cell phone	0.15488934847889554	0.2132146909443136
578505.0	730	340.0	990.0	474.0	cell phone	0.5797885248153514	0.6827214966543586
579334.0	731	1280.0	912.0	413.0	cell phone	0.5100422977526367	0.5905023818939218
580374.0	732	760.0	865.0	507.0	cell phone	0.3887392188322557	0.7276745106609119
580814.0	733	80.0	894.0	410.0	cell phone	0.4606752212355385	0.5853943533169372
581154.0	734	520.0	849.0	238.0	cell phone	0.289317102101533	0.2724843569068344
581934.0	735	920.0	946.0	427.0	cell phone	0.6618226270148169	0.6209175835067696
582494.0	736	180.0	826.0	438.0	cell phone	0.4008512732485682	0.6027536084379835
582854.0	737	480.0	841.0	271.0	cell phone	0.32564578443731484	0.2468585690007727
583213.0	738	200.0	982.0	332.0	cell phone	0.8431252561056836	0.33979502088504737
583693.0	739	740.0	854.0	306.0	cell phone	0.3567889019338313	0.2350313505786225
584683.0	740	1100.0	841.0	267.0	cell phone	0.20233404299128174	0.15865258655645015
585793.0	741	1000.0	916.0	418.0	cell phone	0.5599966068251357	0.7118616750629989
586433.0	742	240.0	857.0	374.0	cell phone	0.4867927335463752	0.4954632732027608
586903.0	743	620.0	774.0	214.0	cell phone	0.15655554310189498	0.11818416540478345
587372.0	744	200.0	887.0	466.0	cell phone	0.30572480334478164	0.6137997086720903
587642.0	745	100.0	888.0	444.0	cell phone	0.3668002425753754	0.6345267729109614
588202.0	746	740.0	847.0	175.0	cell phone	0.2556190458472393	0.15789421581242294
588822.0	747	300.0	887.0	228.0	cell phone	0.2953102219656196	0.13392629343012394
589152.0	748	120.0	885.0	249.0	cell phone	0.2843832291067069	0.15266006100905913
589372.0	749	200.0	986.0	525.0	cell phone	0.5612731916209399	0.6898873545225289
590512.0	750	2039.0	884.0	467.0	cell phone	0.509187929571853	0.5969484202138792
592301.0	751	1200.0	921.0	489.0	cell phone	0.6603988351245428	0.6236875908171856
593041.0	752	260.0	964.0	458.0	cell phone	0.8169917037662192	0.6285975050080035
593991.0	753	1620.0	858.0	502.0	cell phone	0.437548677503476	0.6735320161001976
594911.0	754	160.0	937.0	468.0	cell phone	0.7291110609900677	0.5954827904351438
595321.0	755	580.0	882.0	226.0	cell phone	0.7447018831913708	0.12627604597106976
595841.0	756	380.0	750.0	263.0	cell phone	0.07659002993805357	0.13956850277506133
596270.0	757	240.0	974.0	512.0	cell phone	0.7342172874847963	0.6384208842755863
596530.0	758	200.0	830.0	511.0	cell phone	0.35654892063092525	0.6968613169459262
597370.0	759	1440.0	877.0	458.0	cell phone	0.483379479602745	0.6730903251841371
598380.0	760	420.0	790.0	238.0	cell phone	0.2816088068453997	0.18061647553062046
598790.0	761	320.0	930.0	504.0	cell phone	0.631311900521942	0.5974738611154217
599040.0	762	100.0	744.0	241.0	cell phone	0.11780104712041885	0.13915857605177995
599440.0	763	620.0	919.0	488.0	cell phone	0.5858247870854322	0.6027021103380512
599920.0	764	300.0	937.0	457.0	cell phone	0.7066284429447484	0.6074738475111839
600289.0	765	360.0	823.0	503.0	cell phone	0.30368055226989554	0.7157187805485087
601349.0	766	1600.0	891.0	232.0	cell phone	0.1620879589496684	0.02213615494260876
602379.0	767	280.0	948.0	304.0	cell phone	0.3463687150837989	0.1938610662358643
602609.0	768	160.0	1035.0	305.0	cell phone	0.6088753277647917	0.1822290901191711
603389.0	769	1340.0	931.0	390.0	cell phone	0.7389820663115974	0.5443254488857768
604328.0	770	320.0	893.0	307.0	cell phone	0.5438361216030918	0.3131802939244259
604938.0	771	660.0	856.0	290.0	cell phone	0.2630177486414314	0.2044936080966492
605688.0	772	800.0	890.0	316.0	cell phone	0.20893319255426052	0.2845847558269642
606308.0	773	400.0	875.0	224.0	surroundings		
606928.0	774	800.0	924.0	359.0	cell phone	0.3447416090013561	0.2889335936249047
607538.0	775	180.0	886.0	237.0	cell phone	0.20744019981449272	0.17969532169932328
607758.0	776	100.0	994.0	329.0	cell phone	0.5350700039667068	0.27829153113700456
608218.0	777	620.0	1032.0	476.0	cell phone	0.6088235294117647	0.4672
609177.0	778	220.0	1041.0	137.0	surroundings		
609537.0	779	100.0	1231.0	134.0	surroundings		
609847.0	780	480.0	1087.0	124.0	surroundings		
610397.0	781	100.0	1002.0	701.0	cell phone	0.3272047001561825	0.6552887139155051
610667.0	782	360.0	1056.0	460.0	cell phone	0.5892684947095995	0.2629781745113908
611027.0	783	320.0	1075.0	431.0	cell phone	0.5590906675740145	0.3528196965127712
612557.0	784	160.0	1011.0	439.0	cell phone	0.5174762949257655	0.3801830353958173
612796.0	785	260.0	933.0	392.0	cell phone	0.2713729439096508	0.5612040337743422
613076.0	786	220.0	940.0	157.0	cell phone	0.19489780006515894	0.12725284277935345
613636.0	787	880.0	944.0	414.0	cell phone	0.5605487232203126	0.5513653713279325
614916.0	788	1500.0	1043.0	401.0	cell phone	0.585668968500761	0.5500128445645359
616146.0	789	80.0	1460.0	354.0	cell phone	0.914327748874267	0.3533333073112325
616655.0	790	700.0	1072.0	402.0	cell phone	0.6532520751238938	0.4714562440269638
617245.0	791	440.0	926.0	460.0	cell phone	0.5150602409638554	0.4601328903654485
617685.0	792	280.0	931.0	416.0	cell phone	0.3961584006906321	0.5087881248552499
618225.0	793	760.0	992.0	435.0	cell phone	0.5565821502355991	0.4919618378759377
619475.0	794	1580.0	983.0	420.0	cell phone	0.6523076923076923	0.7016949152542373
620895.0	795	340.0	1146.0	29.0	surroundings		
621124.0	796	80.0	1046.0	48.0	surroundings		
621644.0	797	200.0	1139.0	549.0	cell phone	0.5864066426371171	0.5002267910901173
623204.0	798	2879.0	982.0	452.0	cell phone	0.5636431519301263	0.5148596571549965
625014.0	799	700.0	1002.0	396.0	cell phone	0.6149068322981367	0.7168784029038112
625523.0	800	240.0	966.0	210.0	cell phone	0.409664138189959	0.14136560443060453
625783.0	801	240.0	942.0	305.0	cell phone	0.6141666906033574	0.2747545053183495
626513.0	802	1140.0	968.0	445.0	cell phone	0.5114285714285715	0.527363184079602
627763.0	803	520.0	1066.0	213.0	surroundings		
628163.0	804	120.0	1111.0	202.0	surroundings		
628413.0	805	220.0	1088.0	133.0	surroundings		
628603.0	806	120.0	1107.0	46.0	surroundings		
628993.0	807	180.0	1045.0	561.0	cell phone	0.3921272184753073	0.5004089484656383
629602.0	808	320.0	1160.0	42.0	surroundings		
630972.0	809	1900.0	938.0	383.0	cell phone	0.4727272727272727	0.5227272727272727
632242.0	810	600.0	911.0	268.0	surroundings		
632952.0	811	760.0	967.0	393.0	cell phone	0.4738427587606611	0.4070640412942271
634022.0	812	1100.0	1017.0	439.0	cell phone	0.5720683514771177	0.5142028057663871
635641.0	813	80.0	225.0	86.0	others		
636751.0	814	380.0	1338.0	19.0	building		
637661.0	815	840.0	1067.0	405.0	cell phone	0.5726909619743928	0.5530996260484583
638161.0	816	120.0	999.0	315.0	cell phone	0.5498575498575499	0.20603907637655414
638610.0	817	260.0	1107.0	149.0	building		
639010.0	818	420.0	1144.0	158.0	surroundings		
639400.0	819	120.0	1188.0	102.0	surroundings		
643329.0	820	140.0	297.0	82.0	building		
645279.0	821	200.0	1147.0	316.0	surroundings		
645499.0	822	160.0	1082.0	462.0	surroundings		
645999.0	823	160.0	1115.0	681.0	cell phone	0.555921052631579	0.1703056768558952
648758.0	824	160.0	1284.0	484.0	surroundings		
650967.0	825	380.0	370.0	339.0	surroundings		
651677.0	826	80.0	1384.0	4.0	surroundings		
652237.0	827	120.0	1128.0	10.0	surroundings		
652665.0	828	300.0	1065.0	20.0	surroundings		
652947.0	829	220.0	1012.0	43.0	surroundings		
653837.0	830	80.0	995.0	208.0	surroundings		
654077.0	831	360.0	1117.0	287.0	surroundings		
654397.0	832	200.0	1215.0	215.0	surroundings		
655576.0	833	80.0	1212.0	393.0	surroundings		
655746.0	834	100.0	1169.0	299.0	surroundings		
656496.0	835	840.0	1171.0	50.0	surroundings		
657146.0	836	340.0	1148.0	15.0	surroundings		
657406.0	837	100.0	1165.0	6.0	surroundings		
659055.0	838	80.0	1291.0	420.0	surroundings		
659355.0	839	200.0	1137.0	370.0	surroundings		
659555.0	840	80.0	1082.0	803.0	cell phone	0.3912518413728776	0.325816015297607
660155.0	841	200.0	944.0	221.0	surroundings		
661025.0	842	180.0	1178.0	21.0	surroundings		
661435.0	843	80.0	1248.0	24.0	building		
661925.0	844	140.0	1542.0	39.0	surroundings		
662689.5	845	140.0	749.0	470.0	surroundings		
663325.0	846	180.0	1067.0	44.0	surroundings		
665504.0	847	300.0	1174.0	148.0	surroundings		
665854.0	848	80.0	1404.0	94.0	surroundings		
665984.0	849	140.0	1485.0	31.0	surroundings		
666394.0	850	80.0	721.0	61.0	surroundings		
667084.0	851	100.0	388.0	212.0	building		
667354.0	852	80.0	1228.0	295.0	surroundings		
667694.0	853	80.0	1252.0	66.0	surroundings		
667814.0	854	80.0	1168.0	79.0	surroundings		
668073.5	855	320.0	1047.0	54.0	building		
668433.0	856	160.0	1127.0	9.0	building		
669043.0	857	260.0	911.0	612.0	surroundings		
670383.0	858	540.0	1197.0	147.0	building		
670803.0	859	180.0	1447.0	179.0	surroundings		
670963.0	860	100.0	1334.0	118.0	building		
671193.0	861	160.0	1347.0	71.0	building		
671953.0	862	80.0	925.0	29.0	building		
672212.0	863	80.0	1123.0	56.0	building		
672702.0	864	600.0	1127.0	89.0	surroundings		
673172.0	865	240.0	871.0	160.0	surroundings		
673962.0	866	640.0	1037.0	133.0	building		
675212.0	867	120.0	209.0	254.0	building		
677141.0	868	100.0	674.0	90.0	surroundings		
677551.0	869	240.0	989.0	160.0	building		
677751.0	870	120.0	886.0	162.0	building		
678001.0	871	100.0	738.0	193.0	surroundings		
678691.0	872	680.0	612.0	153.0	surroundings		
679331.0	873	80.0	1239.0	500.0	surroundings		
679511.0	874	200.0	1119.0	272.0	surroundings		
679741.0	875	180.0	1109.0	124.0	surroundings		
680830.0	876	800.0	853.0	129.0	surroundings		
681410.0	877	240.0	810.0	144.0	surroundings		
682000.0	878	340.0	1074.0	306.0	surroundings		
682440.0	879	420.0	961.0	188.0	surroundings		
682850.0	880	380.0	1016.0	224.0	surroundings		
683480.0	881	140.0	919.0	44.0	surroundings		
683660.0	882	140.0	660.0	50.0	surroundings		
683810.0	883	140.0	784.0	84.0	surroundings		
684210.0	884	480.0	890.0	133.0	surroundings		
684729.0	885	520.0	833.0	205.0	surroundings		
685439.0	886	340.0	1095.0	164.0	surroundings		
685739.0	887	140.0	606.0	230.0	surroundings		
685949.0	888	240.0	611.0	211.0	others		
686259.0	889	180.0	754.0	194.0	building		
686429.0	890	120.0	810.0	167.0	building		
686619.0	891	180.0	941.0	331.0	surroundings		
686969.0	892	480.0	871.0	224.0	building		
687349.0	893	240.0	934.0	187.0	surroundings		
687729.0	894	400.0	1080.0	138.0	building		
688199.0	895	380.0	739.0	77.0	surroundings		
688449.0	896	80.0	779.0	112.0	surroundings		
688659.0	897	300.0	791.0	93.0	surroundings		
689009.0	898	160.0	866.0	215.0	surroundings		
690748.0	899	120.0	1018.0	499.0	cell phone	0.4780677136360147	0.2749985359358813
692368.0	900	3039.0	966.0	393.0	cell phone	0.3878902013839858	0.5411010961314966
694007.0	901	240.0	974.0	326.0	cell phone	0.4539880586312171	0.30888979654519066
694437.0	902	540.0	954.0	286.0	building		
695257.0	903	180.0	921.0	62.0	surroundings		
695577.0	904	260.0	974.0	41.0	surroundings		
696367.0	905	920.0	1004.0	419.0	cell phone	0.5448609491867735	0.3706644850478352
697007.0	906	320.0	992.0	427.0	cell phone	0.4095011830314276	0.6314186330345537
698186.0	907	960.0	1011.0	69.0	surroundings		
698946.0	908	160.0	1077.0	563.0	cell phone	0.1974792029957668	0.36661427244213496
699146.0	909	200.0	1140.0	330.0	cell phone	0.30605931100312644	0.008129312965056458
700116.0	910	100.0	120.0	81.0	surroundings		
700706.0	911	360.0	956.0	409.0	cell phone	0.5759162303664922	0.2714776632302405
701006.0	912	160.0	900.0	203.0	surroundings		
701286.0	913	160.0	1035.0	23.0	surroundings		
702575.0	914	140.0	1069.0	437.0	surroundings		
703245.0	915	200.0	510.0	57.0	surroundings		
703565.0	916	80.0	762.0	8.0	surroundings		
704135.0	917	100.0	1352.0	522.0	surroundings		
704275.0	918	140.0	1364.0	554.0	surroundings		
704475.0	919	140.0	1286.0	605.0	surroundings		
704885.0	920	360.0	1302.0	309.0	surroundings		
705185.0	921	160.0	1226.0	176.0	surroundings		
706124.0	922	400.0	1053.0	834.0	cell phone	0.5046177180233572	0.5228234381956293
707124.0	923	80.0	300.0	205.0	surroundings		
707984.0	924	120.0	1388.0	295.0	surroundings		
708354.0	925	540.0	1180.0	245.0	surroundings		
708744.0	926	80.0	1260.0	440.0	surroundings		
708854.0	927	100.0	1189.0	490.0	surroundings		
709004.0	928	160.0	1271.0	442.0	surroundings		
709584.0	929	120.0	1365.0	18.0	surroundings		
709754.0	930	180.0	1246.0	9.0	surroundings		
710163.0	931	240.0	1102.0	671.0	surroundings		
710573.0	932	100.0	1124.0	21.0	building		
710963.0	933	520.0	1053.0	66.0	building		
711323.0	934	80.0	1127.0	81.0	building		
711803.0	935	400.0	1214.0	412.0	surroundings		
712513.0	936	340.0	1195.0	88.0	surroundings		
712833.0	937	160.0	937.0	70.0	building		
713203.0	938	400.0	1021.0	130.0	building		
713923.0	939	300.0	297.0	226.0	surroundings		
714802.0	940	160.0	335.0	172.0	surroundings		
715012.0	941	220.0	423.0	146.0	surroundings		
716182.0	942	440.0	1119.0	100.0	building		
716692.0	943	300.0	1255.0	56.0	surroundings		
717422.0	944	440.0	1009.0	470.0	cell phone	0.538851219121412	0.4140275412439053
718052.0	945	740.0	957.0	280.0	surroundings		
718951.0	946	380.0	845.0	99.0	building		
719451.0	947	180.0	1275.0	185.0	surroundings		
719871.0	948	620.0	1172.0	210.0	surroundings		
720431.0	949	300.0	1244.0	170.0	surroundings		
721031.0	950	540.0	985.0	407.0	cell phone	0.466887417218543	0.4246823956442831
721751.0	951	860.0	949.0	192.0	surroundings		
722540.0	952	80.0	999.0	37.0	building		
722640.0	953	80.0	1161.0	17.0	building		
722820.0	954	220.0	1070.0	63.0	surroundings		
723390.0	955	620.0	1101.0	109.0	surroundings		
724030.0	956	100.0	664.0	19.0	surroundings		
724320.0	957	80.0	1196.0	587.0	cell phone	0.8164312998866894	0.3120648468834856
724580.0	958	320.0	983.0	319.0	cell phone	0.5077219960417766	0.3359073281797305
725400.0	959	1280.0	927.0	262.0	cell phone	0.3076923076923077	0.062184873949579826
727560.0	960	3000.0	937.0	307.0	surroundings		
729989.0	961	1820.0	923.0	307.0	cell phone	0.439561022726596	0.07625065764882305
731389.0	962	900.0	898.0	330.0	cell phone	0.2654310054415263	0.06730220564216018
732338.0	963	800.0	914.0	339.0	cell phone	0.4780850030647111	0.0728487482044978
732908.0	964	280.0	824.0	331.0	cell phone	0.19262647164117652	0.10965061978136988
733388.0	965	660.0	944.0	325.0	cell phone	0.6377806968979306	0.07079053265220417
734458.0	966	1460.0	895.0	351.0	cell phone	0.5105194680765641	0.11389107284673836
735947.0	967	1460.0	910.0	368.0	cell phone	0.4555388432242181	0.10477281453678496
737717.0	968	1999.0	921.0	282.0	cell phone	0.2987589846550221	0.1648806691192604
739656.0	969	1840.0	942.0	300.0	cell phone	0.4774186311266736	0.1429460782159659
740986.0	970	780.0	891.0	297.0	cell phone	0.29772195492058745	0.2121292862457804
741956.0	971	1120.0	922.0	332.0	cell phone	0.4489482446033446	0.3124153346367804
742945.0	972	780.0	951.0	417.0	cell phone	0.4510552227956415	0.66744546046986
743636.0	973	320.0	967.0	410.0	cell phone	0.2304281066183217	0.7227802705972274
744685.0	974	1520.0	947.0	297.0	cell phone	0.6915315630104792	0.3679513098383704
745705.0	975	380.0	965.0	428.0	cell phone	0.7494880662000933	0.8042884343503317
746555.0	976	1160.0	902.0	228.0	cell phone	0.2939555358193935	0.30096691143188065
747225.0	977	140.0	932.0	364.0	cell phone	0.5128081637546394	0.565090407376307
747715.0	978	800.0	888.0	246.0	cell phone	0.6203657152936262	0.36146065056142174
749134.0	979	1920.0	897.0	303.0	cell phone	0.5815387436579111	0.4076160072800577
750344.0	980	260.0	968.0	422.0	cell phone	0.7126354732913988	0.7475284571433591
750974.0	981	800.0	905.0	197.0	cell phone	0.381201044386423	0.2822349570200573
751674.0	982	400.0	928.0	254.0	cell phone	0.6639352087777577	0.3377599410504592
752293.0	983	760.0	836.0	457.0	cell phone	0.1844155844155844	0.7312390924956371
752903.0	984	140.0	979.0	321.0	cell phone	0.6668623369438303	0.54515457168992
753093.0	985	160.0	924.0	187.0	cell phone	0.5352250208484879	0.2686847264290905
753283.0	986	180.0	920.0	145.0	cell phone	0.4843455011181814	0.03468245746336681
753653.0	987	520.0	823.0	136.0	surroundings		
754053.0	988	220.0	1038.0	285.0	cell phone	0.7763849602553778	0.2168457574537611
754433.0	989	480.0	914.0	364.0	cell phone	0.5161986244946444	0.4258617490837559
754803.0	990	180.0	836.0	166.0	cell phone	0.29401233675748856	0.14688436139959155
756123.0	991	2419.0	946.0	235.0	cell phone	0.7180010060435313	0.18875220648559948
757732.0	992	720.0	1041.0	275.0	cell phone	0.8015429000743378	0.2659704710423033
758442.0	993	620.0	1018.0	287.0	cell phone	0.6830640464070201	0.2311513820409397
759642.0	994	1380.0	1004.0	266.0	cell phone	0.1670554730238369	0.18086006247036907
760731.0	995	720.0	960.0	213.0	cell phone	0.6571115749203764	0.2894794503493423
761181.0	996	100.0	949.0	197.0	cell phone	0.7381576296889383	0.2642891107160856
761471.0	997	240.0	959.0	186.0	cell phone	0.5068977236188519	0.3038188646930659
761731.0	998	200.0	700.0	141.0	building		
762041.0	999	340.0	805.0	125.0	building		
762421.0	1000	340.0	1064.0	127.0	cell phone	0.6588628762541806	0.2071428571428572
763121.0	1001	1000.0	971.0	158.0	cell phone	0.8168113866868628	0.7897808216019178
763761.0	1002	180.0	776.0	181.0	cell phone	0.13556338028169015	0.7387820512820513
764051.0	1003	180.0	289.0	304.0	building		
764470.0	1004	400.0	1078.0	135.0	cell phone	0.1527532370464822	0.590272461519783
765750.0	1005	1600.0	1012.0	138.0	cell phone	0.5924657534246576	0.14862385321100918
767180.0	1006	1060.0	955.0	127.0	cell phone	0.1607280690243167	0.244854374575952
768080.0	1007	660.0	828.0	155.0	cell phone	0.8238118818181243	0.3393502122392468
769210.0	1008	1360.0	1008.0	205.0	cell phone	0.19099415069554587	0.1960729331543328
770379.0	1009	860.0	1011.0	189.0	cell phone	0.2284345047923323	0.15406976744186046
771129.0	1010	440.0	1040.0	204.0	cell phone	0.5677944044224158	0.23554242681614035
771589.0	1011	240.0	1018.0	230.0	cell phone	0.4968030629085944	0.2121953832252877
771819.0	1012	180.0	954.0	211.0	cell phone	0.10397620402386322	0.3268846426719996
772329.0	1013	800.0	931.0	68.0	building		
772839.0	1014	180.0	1047.0	180.0	cell phone	0.17511018887758278	0.2012222188713308
773109.0	1015	80.0	1057.0	270.0	cell phone	0.3270427735835277	0.17595104053865565
773468.0	1016	480.0	1059.0	233.0	cell phone	0.21702838063439064	0.1948051948051948
774068.0	1017	300.0	951.0	301.0	cell phone	0.2978040512583445	0.3645994932155224
774358.0	1018	220.0	1070.0	275.0	cell phone	0.216132253812533	0.1875414271380996
774708.0	1019	360.0	1053.0	238.0	cell phone	0.7115668097907527	0.7834563656786131
775408.0	1020	880.0	1044.0	235.0	cell phone	0.6424050632911392	0.22338568935427572
776158.0	1021	460.0	1017.0	258.0	cell phone	0.6271130521201983	0.2434512364112357
776578.0	1022	140.0	1009.0	271.0	cell phone	0.23786211346081484	0.1927776049374554
778297.0	1023	2819.0	969.0	265.0	cell phone	0.4904431100516785	0.26833083252995554
780297.0	1024	1140.0	959.0	390.0	cell phone	0.4857022780070153	0.6289447053026336
782506.0	1025	2979.0	933.0	406.0	cell phone	0.3964215769261633	0.5468405428898158
784186.0	1026	200.0	954.0	386.0	cell phone	0.3597733711048159	0.5242566510172144
784496.0	1027	380.0	883.0	253.0	cell phone	0.008928571428571428	0.2655538694992413
784856.0	1028	260.0	942.0	405.0	cell phone	0.3585434173669468	0.5397553516819572
785396.0	1029	780.0	929.0	370.0	cell phone	0.4584615384615385	0.5143769968051118
785955.0	1030	300.0	924.0	307.0	cell phone	0.39080962085364895	0.3324578081549661
786385.0	1031	520.0	923.0	423.0	cell phone	0.44631136316609343	0.5351821813446612
786715.0	1032	120.0	881.0	307.0	cell phone	0.3307462678694012	0.3512908359896165
