index	lat	lon	time	timestamp	start	end	new_target	target_count	target_maj
4	52.22377271	6.88648901	2020-04-27T11:20:58Z	119694	119194	120194	surroundings	12	surroundings
5	52.22377275	6.88648911	2020-04-27T11:20:59Z	120694	120194	121194	['map_ar', 'surroundings']	2	map_ar
6	52.22377264	6.88648906	2020-04-27T11:21:00Z	121694	121194	122194	['map_ar']	1	map_ar
7	52.22377265	6.88648905	2020-04-27T11:21:01Z	122694	122194	123194	[]	0	
8	52.22377265	6.88648907	2020-04-27T11:21:02Z	123694	123194	124194	['map_ar']	1	map_ar
9	52.2237728	6.88648947	2020-04-27T11:21:03Z	124694	124194	125194	[]	0	
10	52.2237728	6.88648951	2020-04-27T11:21:04Z	125694	125194	126194	[]	0	
11	52.22376688	6.88649167	2020-04-27T11:21:05Z	126694	126194	127194	['map_ar']	1	map_ar
12	52.22376136	6.88649583	2020-04-27T11:21:06Z	127694	127194	128194	['map_ar']	1	map_ar
13	52.22376022	6.88649894	2020-04-27T11:21:07Z	128694	128194	129194	[]	0	
14	52.22377756	6.8865019	2020-04-27T11:21:08Z	129694	129194	130194	['map_ar']	1	map_ar
15	52.223773	6.8864965	2020-04-27T11:21:09Z	130694	130194	131194	['map_ar']	1	map_ar
16	52.2237696	6.88650142	2020-04-27T11:21:10Z	131694	131194	132194	['map_ar']	1	map_ar
17	52.22376689	6.88650155	2020-04-27T11:21:11Z	132694	132194	133194	[]	0	
18	52.22376596	6.88650148	2020-04-27T11:21:12Z	133694	133194	134194	['map_ar']	1	map_ar
19	52.22375875	6.88650698	2020-04-27T11:21:13Z	134694	134194	135194	['building', 'map_ar']	2	building
20	52.22375731	6.88651809	2020-04-27T11:21:14Z	135694	135194	136194	['map_ar', 'map_ar']	2	map_ar
21	52.22374915	6.88653123	2020-04-27T11:21:15Z	136694	136194	137194	[]	0	
22	52.22374641	6.8865459	2020-04-27T11:21:16Z	137694	137194	138194	['map_ar', 'map_ar']	2	map_ar
23	52.22374526	6.88654766	2020-04-27T11:21:17Z	138694	138194	139194	['map_ar', 'map_ar']	2	map_ar
24	52.22374611	6.88654666	2020-04-27T11:21:18Z	139694	139194	140194	['map_ar']	1	map_ar
25	52.22374499	6.88655393	2020-04-27T11:21:19Z	140694	140194	141194	['map_ar', 'map_ar', 'map_ar']	3	map_ar
26	52.22374033	6.88656368	2020-04-27T11:21:20Z	141694	141194	142194	['surroundings', 'map_ar', 'surroundings']	3	surroundings
27	52.22373291	6.88657537	2020-04-27T11:21:21Z	142694	142194	143194	[]	0	
28	52.22372287	6.88659328	2020-04-27T11:21:22Z	143694	143194	144194	['map_ar']	1	map_ar
29	52.2237108	6.88661201	2020-04-27T11:21:23Z	144694	144194	145194	[]	0	
30	52.22370097	6.88663054	2020-04-27T11:21:24Z	145694	145194	146194	[]	0	
31	52.22369494	6.88664739	2020-04-27T11:21:25Z	146694	146194	147194	['map_ar']	1	map_ar
32	52.22368928	6.88666462	2020-04-27T11:21:26Z	147694	147194	148194	['surroundings']	1	surroundings
33	52.2236835	6.88668053	2020-04-27T11:21:27Z	148694	148194	149194	['map_ar']	1	map_ar
34	52.22368151	6.88668637	2020-04-27T11:21:28Z	149694	149194	150194	['map_ar']	1	map_ar
35	52.22368088	6.88668954	2020-04-27T11:21:29Z	150694	150194	151194	['map_ar']	1	map_ar
36	52.2236803	6.88669393	2020-04-27T11:21:30Z	151694	151194	152194	['map_ar']	1	map_ar
37	52.22368026	6.88669894	2020-04-27T11:21:31Z	152694	152194	153194	['building']	1	building
38	52.22367911	6.88670145	2020-04-27T11:21:32Z	153694	153194	154194	['map_ar', 'map_ar']	2	map_ar
39	52.22367041	6.88671851	2020-04-27T11:21:33Z	154694	154194	155194	['map_ar', 'map_ar']	2	map_ar
40	52.22365937	6.88674394	2020-04-27T11:21:34Z	155694	155194	156194	['map_ar']	1	map_ar
41	52.22365033	6.88676871	2020-04-27T11:21:35Z	156694	156194	157194	['map_ar']	1	map_ar
42	52.22364592	6.88679494	2020-04-27T11:21:36Z	157694	157194	158194	['map_ar']	1	map_ar
43	52.22364244	6.88682019	2020-04-27T11:21:37Z	158694	158194	159194	['map_ar', 'map_ar']	2	map_ar
44	52.22363825	6.88684607	2020-04-27T11:21:38Z	159694	159194	160194	['map_ar']	1	map_ar
45	52.22363426	6.88686001	2020-04-27T11:21:39Z	160694	160194	161194	['map_ar']	1	map_ar
46	52.22362628	6.88686726	2020-04-27T11:21:40Z	161694	161194	162194	['map_ar', 'map_ar']	2	map_ar
47	52.22361316	6.88688185	2020-04-27T11:21:41Z	162694	162194	163194	['map_ar', 'map_ar', 'map_ar']	3	map_ar
48	52.22360199	6.88689357	2020-04-27T11:21:42Z	163694	163194	164194	['map_ar', 'map_ar']	2	map_ar
49	52.22359715	6.88689984	2020-04-27T11:21:43Z	164694	164194	165194	['map_ar', 'map_ar']	2	map_ar
50	52.22358905	6.88691013	2020-04-27T11:21:44Z	165694	165194	166194	['map_ar', 'map_ar']	2	map_ar
51	52.22358027	6.88691962	2020-04-27T11:21:45Z	166694	166194	167194	['map_ar']	1	map_ar
52	52.22357347	6.88692438	2020-04-27T11:21:46Z	167694	167194	168194	['map_ar']	1	map_ar
53	52.22356867	6.8869178	2020-04-27T11:21:47Z	168694	168194	169194	[]	0	
54	52.22356545	6.88690982	2020-04-27T11:21:48Z	169694	169194	170194	['map_ar']	1	map_ar
55	52.22356423	6.88690604	2020-04-27T11:21:49Z	170694	170194	171194	['map_ar']	1	map_ar
56	52.22356293	6.88690472	2020-04-27T11:21:50Z	171694	171194	172194	['map_ar']	1	map_ar
57	52.2235613	6.88690796	2020-04-27T11:21:51Z	172694	172194	173194	['map_ar']	1	map_ar
58	52.22355924	6.88691059	2020-04-27T11:21:52Z	173694	173194	174194	[]	0	
59	52.22355904	6.88691092	2020-04-27T11:21:53Z	174694	174194	175194	['map_ar']	1	map_ar
60	52.22355967	6.8869075	2020-04-27T11:21:54Z	175694	175194	176194	[]	0	
61	52.22355935	6.88690425	2020-04-27T11:21:55Z	176694	176194	177194	[]	0	
62	52.22355765	6.88690298	2020-04-27T11:21:56Z	177694	177194	178194	['map_ar']	1	map_ar
63	52.22355552	6.88690391	2020-04-27T11:21:57Z	178694	178194	179194	[]	0	
64	52.22355464	6.88690321	2020-04-27T11:21:58Z	179694	179194	180194	[]	0	
65	52.22355484	6.88690114	2020-04-27T11:21:59Z	180694	180194	181194	['map_ar']	1	map_ar
66	52.22355593	6.88688861	2020-04-27T11:22:00Z	181694	181194	182194	[]	0	
67	52.22355636	6.88688229	2020-04-27T11:22:01Z	182694	182194	183194	['map_ar']	1	map_ar
68	52.22355499	6.88688097	2020-04-27T11:22:02Z	183694	183194	184194	[]	0	
69	52.22355331	6.88688345	2020-04-27T11:22:03Z	184694	184194	185194	['map_ar']	1	map_ar
70	52.22355397	6.88687937	2020-04-27T11:22:04Z	185694	185194	186194	['map_ar']	1	map_ar
71	52.22355346	6.88687488	2020-04-27T11:22:05Z	186694	186194	187194	['map_ar']	1	map_ar
72	52.22355125	6.88686937	2020-04-27T11:22:06Z	187694	187194	188194	['surroundings']	1	surroundings
73	52.22354963	6.88686548	2020-04-27T11:22:07Z	188694	188194	189194	['map_ar', 'map_ar']	2	map_ar
74	52.22354896	6.88686046	2020-04-27T11:22:08Z	189694	189194	190194	['map_ar', 'map_ar']	2	map_ar
75	52.22354796	6.88684817	2020-04-27T11:22:09Z	190694	190194	191194	['map_ar', 'surroundings']	2	map_ar
76	52.22354785	6.88683676	2020-04-27T11:22:10Z	191694	191194	192194	['info']	1	info
77	52.2235455	6.88683254	2020-04-27T11:22:11Z	192694	192194	193194	[]	0	
78	52.22354233	6.88683598	2020-04-27T11:22:12Z	193694	193194	194194	['map_ar']	1	map_ar
79	52.22353809	6.88683726	2020-04-27T11:22:13Z	194694	194194	195194	[]	0	
80	52.22353497	6.88683957	2020-04-27T11:22:14Z	195694	195194	196194	['map_ar', 'map_ar']	2	map_ar
81	52.22353221	6.88684529	2020-04-27T11:22:15Z	196694	196194	197194	['map_ar', 'surroundings']	2	map_ar
82	52.22353027	6.88685058	2020-04-27T11:22:16Z	197694	197194	198194	['info']	1	info
83	52.22352838	6.88685555	2020-04-27T11:22:17Z	198694	198194	199194	[]	0	
84	52.22352688	6.88685793	2020-04-27T11:22:18Z	199694	199194	200194	['map_ar']	1	map_ar
85	52.22352675	6.88686358	2020-04-27T11:22:19Z	200694	200194	201194	[]	0	
86	52.22352663	6.88686809	2020-04-27T11:22:20Z	201694	201194	202194	['map_ar']	1	map_ar
87	52.22352627	6.88687205	2020-04-27T11:22:21Z	202694	202194	203194	['surroundings', 'map_ar']	2	map_ar
88	52.22352613	6.88687477	2020-04-27T11:22:22Z	203694	203194	204194	['map_ar', 'surroundings']	2	map_ar
89	52.22352578	6.88687745	2020-04-27T11:22:23Z	204694	204194	205194	['map_ar']	1	map_ar
90	52.2235263	6.88688045	2020-04-27T11:22:24Z	205694	205194	206194	['map_ar', 'map_ar']	2	map_ar
91	52.22352673	6.88688294	2020-04-27T11:22:25Z	206694	206194	207194	['map_ar']	1	map_ar
92	52.22352674	6.88688413	2020-04-27T11:22:26Z	207694	207194	208194	['map_ar']	1	map_ar
93	52.22352664	6.8868851	2020-04-27T11:22:27Z	208694	208194	209194	[]	0	
94	52.22352662	6.88688483	2020-04-27T11:22:28Z	209694	209194	210194	['map_ar']	1	map_ar
95	52.22352654	6.88688476	2020-04-27T11:22:29Z	210694	210194	211194	['surroundings', 'map_ar']	2	map_ar
96	52.22352651	6.88688467	2020-04-27T11:22:30Z	211694	211194	212194	['map_ar']	1	map_ar
97	52.2235265	6.88688458	2020-04-27T11:22:31Z	212694	212194	213194	['map_ar']	1	map_ar
98	52.22352645	6.88688446	2020-04-27T11:22:32Z	213694	213194	214194	['map_ar', 'map_ar']	2	map_ar
99	52.22352653	6.88688458	2020-04-27T11:22:33Z	214694	214194	215194	['map_ar', 'map_ar', 'map_ar']	3	map_ar
100	52.22352656	6.88688466	2020-04-27T11:22:34Z	215694	215194	216194	['map_ar']	1	map_ar
101	52.22352658	6.88688472	2020-04-27T11:22:35Z	216694	216194	217194	['map_ar']	1	map_ar
102	52.22352658	6.88688476	2020-04-27T11:22:36Z	217694	217194	218194	['surroundings', 'info']	2	info
103	52.22352659	6.8868848	2020-04-27T11:22:37Z	218694	218194	219194	['view_note']	1	view_note
104	52.22352659	6.88688483	2020-04-27T11:22:38Z	219694	219194	220194	['map_ar', 'map_ar']	2	map_ar
105	52.22352659	6.88688486	2020-04-27T11:22:39Z	220694	220194	221194	['others']	1	others
106	52.22352658	6.88688489	2020-04-27T11:22:40Z	221694	221194	222194	['map_ar', 'map_ar', 'map_ar']	3	map_ar
107	52.22352658	6.88688492	2020-04-27T11:22:41Z	222694	222194	223194	['map_ar', 'map_ar']	2	map_ar
108	52.22352569	6.8868844	2020-04-27T11:22:42Z	223694	223194	224194	['map_ar', 'map_ar']	2	map_ar
109	52.22352541	6.88688473	2020-04-27T11:22:43Z	224694	224194	225194	['map_ar']	1	map_ar
110	52.22352526	6.88688453	2020-04-27T11:22:44Z	225694	225194	226194	[]	0	
111	52.22352519	6.88688453	2020-04-27T11:22:45Z	226694	226194	227194	['map_ar']	1	map_ar
112	52.22352515	6.88688456	2020-04-27T11:22:46Z	227694	227194	228194	['surroundings', 'map_ar']	2	map_ar
113	52.22352512	6.88688486	2020-04-27T11:22:47Z	228694	228194	229194	['map_ar', 'map_ar']	2	map_ar
114	52.2235251	6.88688524	2020-04-27T11:22:48Z	229694	229194	230194	['map_ar']	1	map_ar
115	52.22352331	6.88690092	2020-04-27T11:22:49Z	230694	230194	231194	['map_ar']	1	map_ar
116	52.2235189	6.88691697	2020-04-27T11:22:50Z	231694	231194	232194	[]	0	
117	52.22351305	6.88692626	2020-04-27T11:22:51Z	232694	232194	233194	['surroundings', 'surroundings']	2	surroundings
118	52.22350517	6.88693056	2020-04-27T11:22:52Z	233694	233194	234194	['surroundings']	1	surroundings
119	52.22349863	6.88693353	2020-04-27T11:22:53Z	234694	234194	235194	['map_ar']	1	map_ar
120	52.22349577	6.88692879	2020-04-27T11:22:54Z	235694	235194	236194	[]	0	
121	52.22349208	6.88692319	2020-04-27T11:22:55Z	236694	236194	237194	[]	0	
122	52.22348573	6.88692111	2020-04-27T11:22:56Z	237694	237194	238194	['map_ar', 'map_ar']	2	map_ar
123	52.22348058	6.88691782	2020-04-27T11:22:57Z	238694	238194	239194	['map_ar']	1	map_ar
124	52.22347336	6.88691981	2020-04-27T11:22:58Z	239694	239194	240194	[]	0	
125	52.22346469	6.8869268	2020-04-27T11:22:59Z	240694	240194	241194	['map_ar']	1	map_ar
126	52.22345728	6.88693142	2020-04-27T11:23:00Z	241694	241194	242194	['map_ar']	1	map_ar
127	52.22344984	6.88693509	2020-04-27T11:23:01Z	242694	242194	243194	['map_ar']	1	map_ar
128	52.22344178	6.88693804	2020-04-27T11:23:02Z	243694	243194	244194	[]	0	
129	52.22343442	6.88694242	2020-04-27T11:23:03Z	244694	244194	245194	['building', 'surroundings']	2	building
130	52.2234259	6.88694906	2020-04-27T11:23:04Z	245694	245194	246194	[]	0	
131	52.22341751	6.88695671	2020-04-27T11:23:05Z	246694	246194	247194	['map_ar', 'map_ar']	2	map_ar
132	52.22341042	6.886962	2020-04-27T11:23:06Z	247694	247194	248194	['map_ar', 'others']	2	map_ar
133	52.22340337	6.88696235	2020-04-27T11:23:07Z	248694	248194	249194	[]	0	
134	52.22339409	6.88696019	2020-04-27T11:23:08Z	249694	249194	250194	['map_ar']	1	map_ar
135	52.22337975	6.88696528	2020-04-27T11:23:09Z	250694	250194	251194	['surroundings', 'building']	2	building
136	52.22336879	6.88696784	2020-04-27T11:23:10Z	251694	251194	252194	[]	0	
137	52.2233598	6.88696989	2020-04-27T11:23:11Z	252694	252194	253194	['map_ar', 'map_ar', 'map_ar']	3	map_ar
138	52.22334959	6.88696633	2020-04-27T11:23:12Z	253694	253194	254194	['building', 'building']	2	building
139	52.22333825	6.88696149	2020-04-27T11:23:13Z	254694	254194	255194	['map_ar', 'surroundings']	2	map_ar
140	52.22332886	6.8869546	2020-04-27T11:23:14Z	255694	255194	256194	[]	0	
141	52.22331869	6.8869476	2020-04-27T11:23:15Z	256694	256194	257194	['map_ar', 'map_ar', 'map_ar']	3	map_ar
142	52.22330848	6.88694207	2020-04-27T11:23:16Z	257694	257194	258194	['map_ar']	1	map_ar
143	52.22329852	6.88693901	2020-04-27T11:23:17Z	258694	258194	259194	['surroundings']	1	surroundings
144	52.22328708	6.88693688	2020-04-27T11:23:18Z	259694	259194	260194	['building', 'building', 'building']	3	building
145	52.22327708	6.88693522	2020-04-27T11:23:19Z	260694	260194	261194	['surroundings', 'building', 'surroundings']	3	surroundings
146	52.22326592	6.8869338	2020-04-27T11:23:20Z	261694	261194	262194	['map_ar', 'map_ar', 'map_ar']	3	map_ar
147	52.22325317	6.88693501	2020-04-27T11:23:21Z	262694	262194	263194	['map_ar']	1	map_ar
148	52.2232411	6.88693462	2020-04-27T11:23:22Z	263694	263194	264194	['others', 'map_ar']	2	map_ar
149	52.22323326	6.88692688	2020-04-27T11:23:23Z	264694	264194	265194	['map_ar']	1	map_ar
150	52.22322345	6.88691221	2020-04-27T11:23:24Z	265694	265194	266194	['others']	1	others
151	52.22321267	6.88689508	2020-04-27T11:23:25Z	266694	266194	267194	['building', 'building']	2	building
152	52.22320208	6.88688374	2020-04-27T11:23:26Z	267694	267194	268194	[]	0	
153	52.22319092	6.88687843	2020-04-27T11:23:27Z	268694	268194	269194	['map_ar']	1	map_ar
154	52.22318268	6.886874	2020-04-27T11:23:28Z	269694	269194	270194	[]	0	
155	52.22317224	6.88687262	2020-04-27T11:23:29Z	270694	270194	271194	['map_ar']	1	map_ar
156	52.22316038	6.88687383	2020-04-27T11:23:30Z	271694	271194	272194	[]	0	
157	52.22315008	6.88687688	2020-04-27T11:23:31Z	272694	272194	273194	['info']	1	info
158	52.22313462	6.88689182	2020-04-27T11:23:32Z	273694	273194	274194	['info']	1	info
159	52.2231221	6.88692148	2020-04-27T11:23:33Z	274694	274194	275194	['info']	1	info
160	52.22311743	6.88693789	2020-04-27T11:23:34Z	275694	275194	276194	['info']	1	info
161	52.22311184	6.88695148	2020-04-27T11:23:35Z	276694	276194	277194	['info']	1	info
162	52.22310681	6.88696441	2020-04-27T11:23:36Z	277694	277194	278194	[]	0	
163	52.22310251	6.88697556	2020-04-27T11:23:37Z	278694	278194	279194	['building']	1	building
164	52.22309727	6.88698929	2020-04-27T11:23:38Z	279694	279194	280194	['info']	1	info
165	52.22309454	6.88699927	2020-04-27T11:23:39Z	280694	280194	281194	[]	0	
166	52.22309438	6.88700399	2020-04-27T11:23:40Z	281694	281194	282194	['info']	1	info
167	52.22309386	6.88700816	2020-04-27T11:23:41Z	282694	282194	283194	['info']	1	info
168	52.22309479	6.88700398	2020-04-27T11:23:42Z	283694	283194	284194	[]	0	
169	52.22310075	6.88699398	2020-04-27T11:23:43Z	284694	284194	285194	['info']	1	info
170	52.22310507	6.88699212	2020-04-27T11:23:44Z	285694	285194	286194	['info']	1	info
171	52.22310613	6.88699603	2020-04-27T11:23:45Z	286694	286194	287194	[]	0	
172	52.22310587	6.88700299	2020-04-27T11:23:46Z	287694	287194	288194	['info']	1	info
173	52.22310264	6.88701487	2020-04-27T11:23:47Z	288694	288194	289194	['info']	1	info
174	52.22309973	6.88702436	2020-04-27T11:23:48Z	289694	289194	290194	['info']	1	info
175	52.22309635	6.88703776	2020-04-27T11:23:49Z	290694	290194	291194	['info']	1	info
176	52.22309438	6.88704589	2020-04-27T11:23:50Z	291694	291194	292194	['info', 'info']	2	info
177	52.22309302	6.88705385	2020-04-27T11:23:51Z	292694	292194	293194	['info']	1	info
178	52.2230926	6.88705726	2020-04-27T11:23:52Z	293694	293194	294194	['info']	1	info
179	52.22309257	6.88705742	2020-04-27T11:23:53Z	294694	294194	295194	[]	0	
180	52.22309306	6.88704937	2020-04-27T11:23:54Z	295694	295194	296194	[]	0	
181	52.22309509	6.88703742	2020-04-27T11:23:55Z	296694	296194	297194	['info']	1	info
182	52.22309641	6.88702742	2020-04-27T11:23:56Z	297694	297194	298194	[]	0	
183	52.22309547	6.88702823	2020-04-27T11:23:57Z	298694	298194	299194	['info']	1	info
184	52.22309143	6.88703383	2020-04-27T11:23:58Z	299694	299194	300194	['info']	1	info
185	52.22308551	6.88704854	2020-04-27T11:23:59Z	300694	300194	301194	['info']	1	info
186	52.22308165	6.88706149	2020-04-27T11:24:00Z	301694	301194	302194	['info', 'surroundings', 'building', 'info']	4	info
187	52.22307833	6.88706964	2020-04-27T11:24:01Z	302694	302194	303194	['info', 'info']	2	info
188	52.22307586	6.88707845	2020-04-27T11:24:02Z	303694	303194	304194	['info', 'info']	2	info
189	52.22307317	6.88708205	2020-04-27T11:24:03Z	304694	304194	305194	['others']	1	others
190	52.2230694	6.88708221	2020-04-27T11:24:04Z	305694	305194	306194	['info', 'surroundings']	2	info
191	52.22307113	6.88708727	2020-04-27T11:24:05Z	306694	306194	307194	['info', 'info', 'info']	3	info
192	52.22307195	6.8870881	2020-04-27T11:24:06Z	307694	307194	308194	['info', 'info']	2	info
193	52.22307221	6.8870801	2020-04-27T11:24:07Z	308694	308194	309194	['info']	1	info
194	52.22307763	6.88707181	2020-04-27T11:24:08Z	309694	309194	310194	['take_note']	1	take_note
195	52.22307925	6.88706809	2020-04-27T11:24:09Z	310694	310194	311194	['map_ar']	1	map_ar
196	52.22307914	6.88706728	2020-04-27T11:24:10Z	311694	311194	312194	['map_ar']	1	map_ar
197	52.22307812	6.88706904	2020-04-27T11:24:11Z	312694	312194	313194	[]	0	
198	52.22307657	6.88705526	2020-04-27T11:24:12Z	313694	313194	314194	['view_note']	1	view_note
199	52.22307808	6.88704609	2020-04-27T11:24:13Z	314694	314194	315194	[]	0	
200	52.22308046	6.88704477	2020-04-27T11:24:14Z	315694	315194	316194	['take_note']	1	take_note
201	52.22308252	6.88704056	2020-04-27T11:24:15Z	316694	316194	317194	['take_note', 'take_note']	2	take_note
202	52.22308348	6.8870361	2020-04-27T11:24:16Z	317694	317194	318194	['others', 'take_note', 'take_note']	3	take_note
203	52.22308292	6.88703355	2020-04-27T11:24:17Z	318694	318194	319194	['take_note']	1	take_note
204	52.22308343	6.88702574	2020-04-27T11:24:18Z	319694	319194	320194	['take_note']	1	take_note
205	52.22308604	6.88702463	2020-04-27T11:24:19Z	320694	320194	321194	['view_note', 'view_note']	2	view_note
206	52.22308679	6.88702642	2020-04-27T11:24:20Z	321694	321194	322194	['view_note', 'view_note']	2	view_note
207	52.22308171	6.88703734	2020-04-27T11:24:21Z	322694	322194	323194	['view_note', 'view_note', 'view_note']	3	view_note
208	52.223082	6.88703277	2020-04-27T11:24:22Z	323694	323194	324194	['view_note', 'view_note']	2	view_note
209	52.22308225	6.88702565	2020-04-27T11:24:23Z	324694	324194	325194	['view_note', 'view_note', 'view_note']	3	view_note
210	52.22307948	6.88702	2020-04-27T11:24:24Z	325694	325194	326194	['take_note', 'take_note']	2	take_note
211	52.22307669	6.88701934	2020-04-27T11:24:25Z	326694	326194	327194	['take_note']	1	take_note
212	52.22307496	6.88701933	2020-04-27T11:24:26Z	327694	327194	328194	['take_note', 'take_note']	2	take_note
213	52.22307444	6.88702124	2020-04-27T11:24:27Z	328694	328194	329194	['take_note', 'take_note']	2	take_note
214	52.22307387	6.88702318	2020-04-27T11:24:28Z	329694	329194	330194	['take_note']	1	take_note
215	52.22307626	6.88701917	2020-04-27T11:24:29Z	330694	330194	331194	['take_note']	1	take_note
216	52.2230822	6.88701952	2020-04-27T11:24:30Z	331694	331194	332194	['take_note', 'take_note']	2	take_note
217	52.22308897	6.88702782	2020-04-27T11:24:31Z	332694	332194	333194	['take_note', 'take_note']	2	take_note
218	52.22309099	6.8870329	2020-04-27T11:24:32Z	333694	333194	334194	['take_note', 'take_note']	2	take_note
219	52.2230982	6.88702212	2020-04-27T11:24:33Z	334694	334194	335194	['take_note', 'take_note', 'take_note']	3	take_note
220	52.22310491	6.88701198	2020-04-27T11:24:34Z	335694	335194	336194	['take_note', 'take_note']	2	take_note
221	52.22310393	6.88702705	2020-04-27T11:24:35Z	336694	336194	337194	['take_note', 'take_note']	2	take_note
222	52.22310207	6.88703878	2020-04-27T11:24:36Z	337694	337194	338194	['take_note', 'take_note']	2	take_note
223	52.22310076	6.88704969	2020-04-27T11:24:37Z	338694	338194	339194	['take_note', 'take_note']	2	take_note
224	52.22309831	6.88706157	2020-04-27T11:24:38Z	339694	339194	340194	['take_note', 'take_note']	2	take_note
225	52.22309583	6.88706975	2020-04-27T11:24:39Z	340694	340194	341194	['take_note', 'take_note', 'take_note', 'take_note']	4	take_note
226	52.22309228	6.88707721	2020-04-27T11:24:40Z	341694	341194	342194	['take_note', 'take_note']	2	take_note
227	52.22308832	6.88708321	2020-04-27T11:24:41Z	342694	342194	343194	['take_note', 'take_note', 'take_note']	3	take_note
228	52.22308497	6.8870894	2020-04-27T11:24:42Z	343694	343194	344194	['take_note', 'take_note']	2	take_note
229	52.22308238	6.88709735	2020-04-27T11:24:43Z	344694	344194	345194	['take_note', 'take_note']	2	take_note
230	52.22307998	6.88710401	2020-04-27T11:24:44Z	345694	345194	346194	[]	0	
231	52.22307769	6.88710689	2020-04-27T11:24:45Z	346694	346194	347194	['take_note']	1	take_note
232	52.2230762	6.88710979	2020-04-27T11:24:46Z	347694	347194	348194	['take_note']	1	take_note
233	52.22307514	6.88711258	2020-04-27T11:24:47Z	348694	348194	349194	['take_note']	1	take_note
234	52.22307403	6.88711511	2020-04-27T11:24:48Z	349694	349194	350194	[]	0	
235	52.22307395	6.88711596	2020-04-27T11:24:49Z	350694	350194	351194	['take_note', 'take_note', 'take_note']	3	take_note
236	52.22307357	6.88711703	2020-04-27T11:24:50Z	351694	351194	352194	['take_note', 'take_note']	2	take_note
237	52.22307262	6.88711932	2020-04-27T11:24:51Z	352694	352194	353194	['take_note', 'take_note', 'take_note']	3	take_note
238	52.22307186	6.88712099	2020-04-27T11:24:52Z	353694	353194	354194	['surroundings']	1	surroundings
239	52.22307101	6.88712278	2020-04-27T11:24:53Z	354694	354194	355194	['building']	1	building
240	52.22307026	6.8871243	2020-04-27T11:24:54Z	355694	355194	356194	['take_note', 'take_note']	2	take_note
241	52.22306973	6.88712548	2020-04-27T11:24:55Z	356694	356194	357194	['take_note', 'take_note']	2	take_note
242	52.22306927	6.88712641	2020-04-27T11:24:56Z	357694	357194	358194	['take_note', 'take_note', 'take_note']	3	take_note
243	52.22306852	6.88712853	2020-04-27T11:24:57Z	358694	358194	359194	['take_note', 'take_note', 'take_note']	3	take_note
244	52.2230681	6.8871299	2020-04-27T11:24:58Z	359694	359194	360194	['take_note', 'take_note', 'take_note', 'take_note']	4	take_note
245	52.22306771	6.88713129	2020-04-27T11:24:59Z	360694	360194	361194	['take_note', 'take_note', 'take_note']	3	take_note
246	52.22306739	6.88713242	2020-04-27T11:25:00Z	361694	361194	362194	['take_note', 'take_note', 'take_note']	3	take_note
247	52.22306721	6.88713301	2020-04-27T11:25:01Z	362694	362194	363194	['take_note', 'take_note', 'take_note']	3	take_note
248	52.22306698	6.88713376	2020-04-27T11:25:02Z	363694	363194	364194	['take_note', 'take_note']	2	take_note
249	52.2230668	6.88713423	2020-04-27T11:25:03Z	364694	364194	365194	['take_note', 'take_note']	2	take_note
250	52.22306664	6.88713486	2020-04-27T11:25:04Z	365694	365194	366194	['take_note', 'take_note', 'take_note']	3	take_note
251	52.22306652	6.88713522	2020-04-27T11:25:05Z	366694	366194	367194	['take_note', 'take_note', 'building']	3	take_note
252	52.22306639	6.8871362	2020-04-27T11:25:06Z	367694	367194	368194	['surroundings', 'take_note', 'take_note']	3	take_note
253	52.2230663	6.88713678	2020-04-27T11:25:07Z	368694	368194	369194	['take_note', 'take_note', 'take_note']	3	take_note
254	52.22306626	6.88713702	2020-04-27T11:25:08Z	369694	369194	370194	['take_note', 'take_note', 'take_note']	3	take_note
255	52.22306618	6.88713697	2020-04-27T11:25:09Z	370694	370194	371194	['take_note']	1	take_note
256	52.22306585	6.88713858	2020-04-27T11:25:10Z	371694	371194	372194	['take_note']	1	take_note
257	52.22306557	6.88714002	2020-04-27T11:25:11Z	372694	372194	373194	['take_note', 'take_note']	2	take_note
258	52.22306529	6.88714158	2020-04-27T11:25:12Z	373694	373194	374194	['surroundings']	1	surroundings
259	52.22306493	6.8871437	2020-04-27T11:25:13Z	374694	374194	375194	['take_note']	1	take_note
260	52.22306468	6.88714485	2020-04-27T11:25:14Z	375694	375194	376194	['take_note', 'take_note']	2	take_note
261	52.22306442	6.88714629	2020-04-27T11:25:15Z	376694	376194	377194	['take_note', 'view_note']	2	take_note
262	52.22306425	6.887147	2020-04-27T11:25:16Z	377694	377194	378194	['map_ar']	1	map_ar
263	52.22306413	6.88714733	2020-04-27T11:25:17Z	378694	378194	379194	['map_ar']	1	map_ar
264	52.22306402	6.88714748	2020-04-27T11:25:18Z	379694	379194	380194	[]	0	
265	52.22306369	6.88714914	2020-04-27T11:25:19Z	380694	380194	381194	['map_ar']	1	map_ar
266	52.2230635	6.88714991	2020-04-27T11:25:20Z	381694	381194	382194	[]	0	
267	52.22306337	6.88715027	2020-04-27T11:25:21Z	382694	382194	383194	['view_note']	1	view_note
268	52.22306332	6.88715038	2020-04-27T11:25:22Z	383694	383194	384194	['view_note']	1	view_note
269	52.22306317	6.88715123	2020-04-27T11:25:23Z	384694	384194	385194	['view_note', 'view_note']	2	view_note
270	52.22306298	6.88715265	2020-04-27T11:25:24Z	385694	385194	386194	['map_ar', 'map_ar', 'map_ar', 'map_ar']	4	map_ar
271	52.22306284	6.88715342	2020-04-27T11:25:25Z	386694	386194	387194	['map_ar']	1	map_ar
272	52.22306275	6.88715388	2020-04-27T11:25:26Z	387694	387194	388194	['map_ar']	1	map_ar
273	52.22306244	6.88715497	2020-04-27T11:25:27Z	388694	388194	389194	['map_ar', 'map_ar', 'map_ar', 'map_ar']	4	map_ar
274	52.2230622	6.88715563	2020-04-27T11:25:28Z	389694	389194	390194	['map_ar', 'map_ar']	2	map_ar
275	52.223062	6.88715603	2020-04-27T11:25:29Z	390694	390194	391194	['map_ar', 'map_ar']	2	map_ar
276	52.22306185	6.88715622	2020-04-27T11:25:30Z	391694	391194	392194	['map_ar']	1	map_ar
277	52.22306171	6.88715633	2020-04-27T11:25:31Z	392694	392194	393194	['map_ar']	1	map_ar
278	52.22306157	6.88715639	2020-04-27T11:25:32Z	393694	393194	394194	['map_ar']	1	map_ar
279	52.22306147	6.88715642	2020-04-27T11:25:33Z	394694	394194	395194	['map_ar', 'map_ar']	2	map_ar
280	52.22306047	6.88715243	2020-04-27T11:25:34Z	395694	395194	396194	['map_ar']	1	map_ar
281	52.22305773	6.88714783	2020-04-27T11:25:35Z	396694	396194	397194	['view_note']	1	view_note
282	52.22305538	6.88714618	2020-04-27T11:25:36Z	397694	397194	398194	['view_note', 'map_ar', 'map_ar']	3	map_ar
283	52.22305359	6.88714595	2020-04-27T11:25:37Z	398694	398194	399194	['map_ar', 'map_ar', 'map_ar']	3	map_ar
284	52.22305341	6.88714636	2020-04-27T11:25:38Z	399694	399194	400194	['map_ar', 'map_ar']	2	map_ar
285	52.22305061	6.88714676	2020-04-27T11:25:39Z	400694	400194	401194	['map_ar', 'map_ar']	2	map_ar
286	52.22304826	6.88715037	2020-04-27T11:25:40Z	401694	401194	402194	['map_ar']	1	map_ar
287	52.22304575	6.88715068	2020-04-27T11:25:41Z	402694	402194	403194	[]	0	
288	52.22304345	6.88715057	2020-04-27T11:25:42Z	403694	403194	404194	['map_ar']	1	map_ar
289	52.22304121	6.88715013	2020-04-27T11:25:43Z	404694	404194	405194	['map_ar']	1	map_ar
290	52.22303992	6.88715033	2020-04-27T11:25:44Z	405694	405194	406194	['map_ar', 'map_ar', 'map_ar']	3	map_ar
291	52.22303884	6.88715079	2020-04-27T11:25:45Z	406694	406194	407194	['map_ar']	1	map_ar
292	52.22303836	6.88715063	2020-04-27T11:25:46Z	407694	407194	408194	[]	0	
293	52.22303763	6.88715288	2020-04-27T11:25:47Z	408694	408194	409194	['map_ar']	1	map_ar
294	52.22303707	6.88715273	2020-04-27T11:25:48Z	409694	409194	410194	[]	0	
295	52.22303468	6.88715624	2020-04-27T11:25:49Z	410694	410194	411194	['map_ar']	1	map_ar
296	52.22303311	6.88715963	2020-04-27T11:25:50Z	411694	411194	412194	['map_ar']	1	map_ar
297	52.22303163	6.88716105	2020-04-27T11:25:51Z	412694	412194	413194	['map_ar']	1	map_ar
298	52.22303	6.88716731	2020-04-27T11:25:52Z	413694	413194	414194	['map_ar']	1	map_ar
299	52.22302827	6.8871707	2020-04-27T11:25:53Z	414694	414194	415194	['map_ar', 'building']	2	building
300	52.22302706	6.8871713	2020-04-27T11:25:54Z	415694	415194	416194	['map_ar']	1	map_ar
301	52.22302665	6.88717257	2020-04-27T11:25:55Z	416694	416194	417194	['info']	1	info
302	52.22302565	6.88717161	2020-04-27T11:25:56Z	417694	417194	418194	['info']	1	info
303	52.22302495	6.88717183	2020-04-27T11:25:57Z	418694	418194	419194	[]	0	
304	52.22302414	6.88717179	2020-04-27T11:25:58Z	419694	419194	420194	['info']	1	info
305	52.22302265	6.88717372	2020-04-27T11:25:59Z	420694	420194	421194	['info']	1	info
306	52.2230219	6.88717569	2020-04-27T11:26:00Z	421694	421194	422194	['info', 'info']	2	info
307	52.22302143	6.88717774	2020-04-27T11:26:01Z	422694	422194	423194	[]	0	
308	52.22302079	6.88718013	2020-04-27T11:26:02Z	423694	423194	424194	['old_map']	1	old_map
309	52.2230202	6.88718249	2020-04-27T11:26:03Z	424694	424194	425194	[]	0	
310	52.22301971	6.88718462	2020-04-27T11:26:04Z	425694	425194	426194	['old_map', 'old_map']	2	old_map
311	52.22301935	6.88718624	2020-04-27T11:26:05Z	426694	426194	427194	['old_map']	1	old_map
312	52.22301882	6.88718871	2020-04-27T11:26:06Z	427694	427194	428194	['old_map']	1	old_map
313	52.22301831	6.88719109	2020-04-27T11:26:07Z	428694	428194	429194	['old_map']	1	old_map
314	52.22301787	6.88719315	2020-04-27T11:26:08Z	429694	429194	430194	['old_map']	1	old_map
315	52.22301743	6.88719488	2020-04-27T11:26:09Z	430694	430194	431194	['old_map']	1	old_map
316	52.22301705	6.88719621	2020-04-27T11:26:10Z	431694	431194	432194	['old_map', 'old_map']	2	old_map
317	52.2230166	6.88719776	2020-04-27T11:26:11Z	432694	432194	433194	['old_map', 'old_map']	2	old_map
318	52.22301628	6.88719878	2020-04-27T11:26:12Z	433694	433194	434194	['surroundings']	1	surroundings
319	52.22301609	6.88719935	2020-04-27T11:26:13Z	434694	434194	435194	['old_map']	1	old_map
320	52.22301593	6.88719976	2020-04-27T11:26:14Z	435694	435194	436194	['info']	1	info
321	52.2230158	6.88720013	2020-04-27T11:26:15Z	436694	436194	437194	['info', 'info', 'surroundings']	3	info
322	52.22301566	6.88720111	2020-04-27T11:26:16Z	437694	437194	438194	['info', 'info', 'info']	3	info
323	52.22301559	6.88720206	2020-04-27T11:26:17Z	438694	438194	439194	['map_ar']	1	map_ar
324	52.22301555	6.88720281	2020-04-27T11:26:18Z	439694	439194	440194	['map_ar', 'others']	2	map_ar
325	52.22301542	6.88720339	2020-04-27T11:26:19Z	440694	440194	441194	['others']	1	others
326	52.22301465	6.88720189	2020-04-27T11:26:20Z	441694	441194	442194	['info', 'info', 'others']	3	info
327	52.22301381	6.88719537	2020-04-27T11:26:21Z	442694	442194	443194	['info']	1	info
328	52.22301223	6.88718433	2020-04-27T11:26:22Z	443694	443194	444194	['info', 'info']	2	info
329	52.2230075	6.88717331	2020-04-27T11:26:23Z	444694	444194	445194	['info', 'map_ar']	2	info
330	52.22300333	6.88716464	2020-04-27T11:26:24Z	445694	445194	446194	['map_ar', 'map_ar', 'map_ar']	3	map_ar
331	52.22299851	6.88715754	2020-04-27T11:26:25Z	446694	446194	447194	['map_ar', 'map_ar']	2	map_ar
332	52.22299214	6.88714212	2020-04-27T11:26:26Z	447694	447194	448194	['map_ar']	1	map_ar
333	52.22298348	6.88712668	2020-04-27T11:26:27Z	448694	448194	449194	['map_ar']	1	map_ar
334	52.22297358	6.8871177	2020-04-27T11:26:28Z	449694	449194	450194	['map_ar']	1	map_ar
335	52.22296338	6.88711004	2020-04-27T11:26:29Z	450694	450194	451194	['map_ar', 'map_ar']	2	map_ar
336	52.22295333	6.88710006	2020-04-27T11:26:30Z	451694	451194	452194	['map_ar', 'map_ar']	2	map_ar
337	52.22294467	6.88709244	2020-04-27T11:26:31Z	452694	452194	453194	['map_ar']	1	map_ar
338	52.2229372	6.88708807	2020-04-27T11:26:32Z	453694	453194	454194	['map_ar']	1	map_ar
339	52.22293335	6.88708563	2020-04-27T11:26:33Z	454694	454194	455194	['map_ar', 'map_ar']	2	map_ar
340	52.22293133	6.887083	2020-04-27T11:26:34Z	455694	455194	456194	['map_ar', 'map_ar']	2	map_ar
341	52.22293067	6.88707645	2020-04-27T11:26:35Z	456694	456194	457194	['map_ar']	1	map_ar
342	52.22293098	6.88707351	2020-04-27T11:26:36Z	457694	457194	458194	['map_ar']	1	map_ar
343	52.22293099	6.88707148	2020-04-27T11:26:37Z	458694	458194	459194	['map_ar']	1	map_ar
344	52.22293184	6.88706927	2020-04-27T11:26:38Z	459694	459194	460194	['map_ar', 'map_ar']	2	map_ar
345	52.22293219	6.88706899	2020-04-27T11:26:39Z	460694	460194	461194	['map_ar']	1	map_ar
346	52.22293274	6.88706847	2020-04-27T11:26:40Z	461694	461194	462194	['surroundings']	1	surroundings
347	52.22293263	6.88706695	2020-04-27T11:26:41Z	462694	462194	463194	[]	0	
348	52.22293252	6.88706681	2020-04-27T11:26:42Z	463694	463194	464194	['map_ar']	1	map_ar
349	52.22293165	6.88706777	2020-04-27T11:26:43Z	464694	464194	465194	['map_ar']	1	map_ar
350	52.2229307	6.88706778	2020-04-27T11:26:44Z	465694	465194	466194	['map_ar', 'map_ar']	2	map_ar
351	52.22293016	6.88706791	2020-04-27T11:26:45Z	466694	466194	467194	['map_ar', 'map_ar']	2	map_ar
352	52.22292961	6.88706685	2020-04-27T11:26:46Z	467694	467194	468194	[]	0	
353	52.22292977	6.88706778	2020-04-27T11:26:47Z	468694	468194	469194	['map_ar']	1	map_ar
354	52.22293007	6.88706849	2020-04-27T11:26:48Z	469694	469194	470194	[]	0	
355	52.22293038	6.88706949	2020-04-27T11:26:49Z	470694	470194	471194	['map_ar']	1	map_ar
356	52.22293057	6.88707014	2020-04-27T11:26:50Z	471694	471194	472194	['map_ar']	1	map_ar
357	52.22293068	6.88707051	2020-04-27T11:26:51Z	472694	472194	473194	['map_ar']	1	map_ar
358	52.22293058	6.88707214	2020-04-27T11:26:52Z	473694	473194	474194	[]	0	
359	52.22293039	6.88707391	2020-04-27T11:26:53Z	474694	474194	475194	['map_ar']	1	map_ar
360	52.22293019	6.88707533	2020-04-27T11:26:54Z	475694	475194	476194	['map_ar', 'map_ar']	2	map_ar
361	52.22293001	6.88707684	2020-04-27T11:26:55Z	476694	476194	477194	['map_ar', 'building', 'surroundings']	3	building
362	52.22292981	6.88707831	2020-04-27T11:26:56Z	477694	477194	478194	['building', 'map_ar', 'map_ar', 'map_ar']	4	map_ar
363	52.22292964	6.88707967	2020-04-27T11:26:57Z	478694	478194	479194	['map_ar', 'map_ar']	2	map_ar
364	52.22292679	6.88708252	2020-04-27T11:26:58Z	479694	479194	480194	['map_ar', 'building', 'map_ar']	3	map_ar
365	52.22292515	6.88708632	2020-04-27T11:26:59Z	480694	480194	481194	['map_ar']	1	map_ar
366	52.22292597	6.88708737	2020-04-27T11:27:00Z	481694	481194	482194	['map_ar']	1	map_ar
367	52.22293065	6.88708009	2020-04-27T11:27:01Z	482694	482194	483194	[]	0	
368	52.22293124	6.88707982	2020-04-27T11:27:02Z	483694	483194	484194	[]	0	
369	52.22292905	6.88707654	2020-04-27T11:27:03Z	484694	484194	485194	['map_ar']	1	map_ar
370	52.22292836	6.88707216	2020-04-27T11:27:04Z	485694	485194	486194	['others', 'surroundings', 'others']	3	others
371	52.22292834	6.88707092	2020-04-27T11:27:05Z	486694	486194	487194	['map_ar', 'map_ar', 'map_ar']	3	map_ar
372	52.22292751	6.88706891	2020-04-27T11:27:06Z	487694	487194	488194	['surroundings', 'surroundings', 'surroundings']	3	surroundings
373	52.22292625	6.88706774	2020-04-27T11:27:07Z	488694	488194	489194	['surroundings', 'map_ar', 'map_ar', 'others']	4	map_ar
374	52.22293044	6.88706454	2020-04-27T11:27:08Z	489694	489194	490194	['others', 'others']	2	others
375	52.22293369	6.88706156	2020-04-27T11:27:09Z	490694	490194	491194	['others', 'others']	2	others
376	52.22294265	6.88705591	2020-04-27T11:27:10Z	491694	491194	492194	['surroundings']	1	surroundings
377	52.22294811	6.88705333	2020-04-27T11:27:11Z	492694	492194	493194	['others', 'surroundings']	2	others
378	52.22295257	6.88704701	2020-04-27T11:27:12Z	493694	493194	494194	[]	0	
379	52.22295668	6.88704481	2020-04-27T11:27:13Z	494694	494194	495194	['building']	1	building
380	52.22296131	6.88704288	2020-04-27T11:27:14Z	495694	495194	496194	[]	0	
381	52.22296425	6.88704664	2020-04-27T11:27:15Z	496694	496194	497194	[]	0	
382	52.22296676	6.88704896	2020-04-27T11:27:16Z	497694	497194	498194	['building', 'surroundings']	2	building
383	52.22296845	6.88705208	2020-04-27T11:27:17Z	498694	498194	499194	['surroundings']	1	surroundings
384	52.22296977	6.88705919	2020-04-27T11:27:18Z	499694	499194	500194	[]	0	
385	52.22296625	6.88706925	2020-04-27T11:27:19Z	500694	500194	501194	['map_ar']	1	map_ar
386	52.22296282	6.88707981	2020-04-27T11:27:20Z	501694	501194	502194	['map_ar']	1	map_ar
387	52.22296018	6.8870962	2020-04-27T11:27:21Z	502694	502194	503194	['surroundings', 'map_ar', 'map_ar']	3	map_ar
388	52.22295632	6.88712017	2020-04-27T11:27:22Z	503694	503194	504194	[]	0	
389	52.22295288	6.88713886	2020-04-27T11:27:23Z	504694	504194	505194	['map_ar']	1	map_ar
390	52.22294746	6.88715203	2020-04-27T11:27:24Z	505694	505194	506194	['map_ar', 'map_ar', 'surroundings']	3	map_ar
391	52.22294059	6.88716902	2020-04-27T11:27:25Z	506694	506194	507194	['surroundings']	1	surroundings
392	52.22293248	6.88718285	2020-04-27T11:27:26Z	507694	507194	508194	[]	0	
393	52.22292506	6.88719469	2020-04-27T11:27:27Z	508694	508194	509194	[]	0	
394	52.22291982	6.88720257	2020-04-27T11:27:28Z	509694	509194	510194	['info']	1	info
395	52.2229143	6.88721014	2020-04-27T11:27:29Z	510694	510194	511194	['info']	1	info
396	52.22290697	6.8872169	2020-04-27T11:27:30Z	511694	511194	512194	['info']	1	info
397	52.22289866	6.88721606	2020-04-27T11:27:31Z	512694	512194	513194	['surroundings']	1	surroundings
398	52.22289029	6.887206	2020-04-27T11:27:32Z	513694	513194	514194	['info', 'info']	2	info
399	52.22287915	6.88719791	2020-04-27T11:27:33Z	514694	514194	515194	['view_note', 'map_ar']	2	map_ar
400	52.22286406	6.88719356	2020-04-27T11:27:34Z	515694	515194	516194	[]	0	
401	52.22285281	6.88719238	2020-04-27T11:27:35Z	516694	516194	517194	['surroundings']	1	surroundings
402	52.22284688	6.88719199	2020-04-27T11:27:36Z	517694	517194	518194	['surroundings', 'map_ar']	2	map_ar
403	52.2228379	6.88719215	2020-04-27T11:27:37Z	518694	518194	519194	['map_ar', 'map_ar', 'map_ar']	3	map_ar
404	52.22282629	6.88719705	2020-04-27T11:27:38Z	519694	519194	520194	['map_ar', 'map_ar']	2	map_ar
405	52.22281633	6.88719709	2020-04-27T11:27:39Z	520694	520194	521194	['map_ar', 'map_ar', 'map_ar']	3	map_ar
406	52.22281165	6.88719561	2020-04-27T11:27:40Z	521694	521194	522194	['map_ar', 'map_ar']	2	map_ar
407	52.2228025	6.88719226	2020-04-27T11:27:41Z	522694	522194	523194	['map_ar']	1	map_ar
408	52.22278892	6.88719077	2020-04-27T11:27:42Z	523694	523194	524194	['map_ar']	1	map_ar
409	52.22277551	6.88719304	2020-04-27T11:27:43Z	524694	524194	525194	['map_ar', 'map_ar']	2	map_ar
410	52.22275884	6.88720547	2020-04-27T11:27:44Z	525694	525194	526194	['map_ar']	1	map_ar
411	52.22274716	6.88721174	2020-04-27T11:27:45Z	526694	526194	527194	['map_ar']	1	map_ar
412	52.222741	6.88721146	2020-04-27T11:27:46Z	527694	527194	528194	['map_ar']	1	map_ar
413	52.22273661	6.88720204	2020-04-27T11:27:47Z	528694	528194	529194	[]	0	
414	52.22273065	6.88719479	2020-04-27T11:27:48Z	529694	529194	530194	['map_ar', 'map_ar', 'map_ar']	3	map_ar
415	52.22272119	6.88719045	2020-04-27T11:27:49Z	530694	530194	531194	['map_ar', 'map_ar']	2	map_ar
416	52.22271515	6.88718942	2020-04-27T11:27:50Z	531694	531194	532194	['surroundings', 'building']	2	building
417	52.22271202	6.88719101	2020-04-27T11:27:51Z	532694	532194	533194	['map_ar', 'map_ar', 'map_ar']	3	map_ar
418	52.22271286	6.88718843	2020-04-27T11:27:52Z	533694	533194	534194	['map_ar']	1	map_ar
419	52.22271466	6.88718528	2020-04-27T11:27:53Z	534694	534194	535194	['map_ar']	1	map_ar
420	52.22271598	6.88718318	2020-04-27T11:27:54Z	535694	535194	536194	[]	0	
421	52.22271677	6.88718204	2020-04-27T11:27:55Z	536694	536194	537194	['map_ar']	1	map_ar
422	52.22271765	6.88718059	2020-04-27T11:27:56Z	537694	537194	538194	['building', 'map_ar']	2	building
423	52.22271945	6.88717775	2020-04-27T11:27:57Z	538694	538194	539194	['map_ar', 'map_ar']	2	map_ar
424	52.22272055	6.88717592	2020-04-27T11:27:58Z	539694	539194	540194	['map_ar', 'map_ar', 'map_ar']	3	map_ar
425	52.22272172	6.88717365	2020-04-27T11:27:59Z	540694	540194	541194	['map_ar', 'map_ar']	2	map_ar
426	52.2227242	6.88716632	2020-04-27T11:28:00Z	541694	541194	542194	['info', 'info']	2	info
427	52.2227256	6.88716166	2020-04-27T11:28:01Z	542694	542194	543194	['info']	1	info
428	52.22272646	6.88715907	2020-04-27T11:28:02Z	543694	543194	544194	['info']	1	info
429	52.22272686	6.88715783	2020-04-27T11:28:03Z	544694	544194	545194	['info']	1	info
430	52.22272765	6.88715548	2020-04-27T11:28:04Z	545694	545194	546194	[]	0	
431	52.222728	6.88715267	2020-04-27T11:28:05Z	546694	546194	547194	['info']	1	info
432	52.22272821	6.88715106	2020-04-27T11:28:06Z	547694	547194	548194	['info', 'info', 'info']	3	info
433	52.22272841	6.88715044	2020-04-27T11:28:07Z	548694	548194	549194	['info']	1	info
434	52.22272862	6.88715004	2020-04-27T11:28:08Z	549694	549194	550194	['info']	1	info
435	52.22272878	6.88715049	2020-04-27T11:28:09Z	550694	550194	551194	['info']	1	info
436	52.22272857	6.8871515	2020-04-27T11:28:10Z	551694	551194	552194	['info']	1	info
437	52.22272864	6.88715241	2020-04-27T11:28:11Z	552694	552194	553194	['info']	1	info
438	52.22272897	6.8871539	2020-04-27T11:28:12Z	553694	553194	554194	['info', 'surroundings']	2	info
439	52.2227293	6.8871552	2020-04-27T11:28:13Z	554694	554194	555194	['info']	1	info
440	52.22272947	6.88715585	2020-04-27T11:28:14Z	555694	555194	556194	['info']	1	info
441	52.22272955	6.88715618	2020-04-27T11:28:15Z	556694	556194	557194	['info', 'info']	2	info
442	52.22272959	6.88715636	2020-04-27T11:28:16Z	557694	557194	558194	['info']	1	info
443	52.2227295	6.88715684	2020-04-27T11:28:17Z	558694	558194	559194	['info', 'info', 'info']	3	info
444	52.2227277	6.88716139	2020-04-27T11:28:18Z	559694	559194	560194	['map_ar', 'map_ar']	2	map_ar
445	52.22272783	6.88716573	2020-04-27T11:28:19Z	560694	560194	561194	['map_ar']	1	map_ar
446	52.22272704	6.88716244	2020-04-27T11:28:20Z	561694	561194	562194	[]	0	
447	52.22272856	6.88715441	2020-04-27T11:28:21Z	562694	562194	563194	['surroundings', 'map_ar']	2	map_ar
448	52.22273025	6.88714505	2020-04-27T11:28:22Z	563694	563194	564194	['map_ar', 'map_ar']	2	map_ar
449	52.22273233	6.88714112	2020-04-27T11:28:23Z	564694	564194	565194	['map_ar', 'map_ar', 'map_ar']	3	map_ar
450	52.22273529	6.88714125	2020-04-27T11:28:24Z	565694	565194	566194	['map_ar', 'map_ar']	2	map_ar
451	52.22273739	6.88714559	2020-04-27T11:28:25Z	566694	566194	567194	['map_ar', 'map_ar', 'map_ar']	3	map_ar
452	52.22274175	6.88714524	2020-04-27T11:28:26Z	567694	567194	568194	['map_ar']	1	map_ar
453	52.22274473	6.88714252	2020-04-27T11:28:27Z	568694	568194	569194	['map_ar']	1	map_ar
454	52.22274527	6.88714185	2020-04-27T11:28:28Z	569694	569194	570194	[]	0	
455	52.22274529	6.88714204	2020-04-27T11:28:29Z	570694	570194	571194	['map_ar']	1	map_ar
456	52.22274523	6.88714238	2020-04-27T11:28:30Z	571694	571194	572194	[]	0	
457	52.22274517	6.88714337	2020-04-27T11:28:31Z	572694	572194	573194	['map_ar']	1	map_ar
458	52.22274515	6.88714385	2020-04-27T11:28:32Z	573694	573194	574194	['map_ar', 'map_ar']	2	map_ar
459	52.22274513	6.8871441	2020-04-27T11:28:33Z	574694	574194	575194	['map_ar', 'map_ar']	2	map_ar
460	52.2227451	6.88714451	2020-04-27T11:28:34Z	575694	575194	576194	['map_ar']	1	map_ar
461	52.22274508	6.8871447	2020-04-27T11:28:35Z	576694	576194	577194	['map_ar']	1	map_ar
462	52.22274549	6.88714543	2020-04-27T11:28:36Z	577694	577194	578194	['info', 'take_note']	2	info
463	52.22274573	6.88714635	2020-04-27T11:28:37Z	578694	578194	579194	['map_ar']	1	map_ar
464	52.22274616	6.88714705	2020-04-27T11:28:38Z	579694	579194	580194	['take_note']	1	take_note
465	52.22274659	6.88714786	2020-04-27T11:28:39Z	580694	580194	581194	['take_note', 'take_note', 'take_note']	3	take_note
466	52.22274697	6.88714863	2020-04-27T11:28:40Z	581694	581194	582194	['take_note']	1	take_note
467	52.22274723	6.88714908	2020-04-27T11:28:41Z	582694	582194	583194	['take_note', 'take_note']	2	take_note
468	52.22274741	6.88714973	2020-04-27T11:28:42Z	583694	583194	584194	['take_note', 'take_note']	2	take_note
469	52.22274762	6.88715012	2020-04-27T11:28:43Z	584694	584194	585194	['view_note']	1	view_note
470	52.22274775	6.88715036	2020-04-27T11:28:44Z	585694	585194	586194	['view_note']	1	view_note
471	52.22274781	6.8871509	2020-04-27T11:28:45Z	586694	586194	587194	['take_note', 'take_note']	2	take_note
472	52.22274785	6.88715119	2020-04-27T11:28:46Z	587694	587194	588194	['take_note', 'take_note']	2	take_note
473	52.22274788	6.88715139	2020-04-27T11:28:47Z	588694	588194	589194	['take_note', 'take_note', 'take_note']	3	take_note
474	52.22274793	6.88715177	2020-04-27T11:28:48Z	589694	589194	590194	['take_note']	1	take_note
475	52.22274798	6.88715201	2020-04-27T11:28:49Z	590694	590194	591194	['take_note']	1	take_note
476	52.22274825	6.88715233	2020-04-27T11:28:50Z	591694	591194	592194	[]	0	
477	52.22274843	6.88715257	2020-04-27T11:28:51Z	592694	592194	593194	['take_note', 'take_note']	2	take_note
478	52.22274856	6.88715275	2020-04-27T11:28:52Z	593694	593194	594194	['take_note']	1	take_note
479	52.22274868	6.88715292	2020-04-27T11:28:53Z	594694	594194	595194	['take_note']	1	take_note
480	52.22274877	6.88715302	2020-04-27T11:28:54Z	595694	595194	596194	['take_note', 'take_note']	2	take_note
481	52.22274884	6.88715312	2020-04-27T11:28:55Z	596694	596194	597194	['take_note', 'take_note']	2	take_note
482	52.22274887	6.88715317	2020-04-27T11:28:56Z	597694	597194	598194	['take_note']	1	take_note
483	52.22274889	6.8871532	2020-04-27T11:28:57Z	598694	598194	599194	['take_note', 'take_note', 'take_note']	3	take_note
484	52.22274889	6.88715324	2020-04-27T11:28:58Z	599694	599194	600194	['take_note', 'take_note']	2	take_note
485	52.22274747	6.88715125	2020-04-27T11:28:59Z	600694	600194	601194	['take_note']	1	take_note
486	52.22274941	6.88715107	2020-04-27T11:29:00Z	601694	601194	602194	['take_note']	1	take_note
487	52.22275234	6.88714732	2020-04-27T11:29:01Z	602694	602194	603194	['take_note', 'take_note']	2	take_note
488	52.22275686	6.88713976	2020-04-27T11:29:02Z	603694	603194	604194	['view_note']	1	view_note
489	52.22275958	6.88713093	2020-04-27T11:29:03Z	604694	604194	605194	['map_ar', 'map_ar']	2	map_ar
490	52.22276382	6.8871245	2020-04-27T11:29:04Z	605694	605194	606194	['map_ar']	1	map_ar
491	52.22276854	6.88712101	2020-04-27T11:29:05Z	606694	606194	607194	['surroundings', 'view_note']	2	surroundings
492	52.22277419	6.88712109	2020-04-27T11:29:06Z	607694	607194	608194	['view_note', 'view_note']	2	view_note
493	52.22278088	6.88712323	2020-04-27T11:29:07Z	608694	608194	609194	['view_note', 'surroundings']	2	surroundings
494	52.22278598	6.88712266	2020-04-27T11:29:08Z	609694	609194	610194	['surroundings', 'surroundings']	2	surroundings
495	52.22279672	6.88711832	2020-04-27T11:29:09Z	610694	610194	611194	['map_ar', 'map_ar', 'map_ar']	3	map_ar
496	52.22281213	6.88711066	2020-04-27T11:29:10Z	611694	611194	612194	[]	0	
497	52.22282207	6.88710323	2020-04-27T11:29:11Z	612694	612194	613194	['map_ar', 'map_ar', 'map_ar']	3	map_ar
498	52.22282904	6.88709834	2020-04-27T11:29:12Z	613694	613194	614194	['map_ar']	1	map_ar
499	52.22283932	6.88709557	2020-04-27T11:29:13Z	614694	614194	615194	['view_note']	1	view_note
500	52.22285281	6.88709329	2020-04-27T11:29:14Z	615694	615194	616194	['view_note']	1	view_note
501	52.22286671	6.8870941	2020-04-27T11:29:15Z	616694	616194	617194	['view_note']	1	view_note
502	52.2228772	6.88709152	2020-04-27T11:29:16Z	617694	617194	618194	['view_note', 'view_note']	2	view_note
503	52.22288707	6.88709082	2020-04-27T11:29:17Z	618694	618194	619194	['map_ar']	1	map_ar
504	52.22289826	6.88709261	2020-04-27T11:29:18Z	619694	619194	620194	['map_ar']	1	map_ar
505	52.22290698	6.88709506	2020-04-27T11:29:19Z	620694	620194	621194	['surroundings', 'surroundings']	2	surroundings
506	52.22291413	6.88709818	2020-04-27T11:29:20Z	621694	621194	622194	['map_ar']	1	map_ar
507	52.22291909	6.88709343	2020-04-27T11:29:21Z	622694	622194	623194	[]	0	
508	52.22292379	6.88708408	2020-04-27T11:29:22Z	623694	623194	624194	['map_ar']	1	map_ar
509	52.22292914	6.88707477	2020-04-27T11:29:23Z	624694	624194	625194	['map_ar']	1	map_ar
510	52.22293407	6.88706668	2020-04-27T11:29:24Z	625694	625194	626194	['map_ar', 'map_ar']	2	map_ar
511	52.22294158	6.8870592	2020-04-27T11:29:25Z	626694	626194	627194	['map_ar']	1	map_ar
512	52.2229491	6.88705303	2020-04-27T11:29:26Z	627694	627194	628194	['surroundings', 'surroundings']	2	surroundings
513	52.22295487	6.88704627	2020-04-27T11:29:27Z	628694	628194	629194	['surroundings', 'surroundings', 'map_ar']	3	surroundings
514	52.22296275	6.88703864	2020-04-27T11:29:28Z	629694	629194	630194	['surroundings']	1	surroundings
515	52.22297097	6.88702843	2020-04-27T11:29:29Z	630694	630194	631194	['view_note']	1	view_note
516	52.22298025	6.88701735	2020-04-27T11:29:30Z	631694	631194	632194	[]	0	
517	52.22298799	6.88701232	2020-04-27T11:29:31Z	632694	632194	633194	['surroundings', 'view_note']	2	surroundings
518	52.22299442	6.88700806	2020-04-27T11:29:32Z	633694	633194	634194	['info']	1	info
519	52.22300148	6.88700224	2020-04-27T11:29:33Z	634694	634194	635194	[]	0	
520	52.22301379	6.8869913	2020-04-27T11:29:34Z	635694	635194	636194	['others']	1	others
521	52.22302706	6.8869798	2020-04-27T11:29:35Z	636694	636194	637194	['building']	1	building
522	52.22303636	6.88697239	2020-04-27T11:29:36Z	637694	637194	638194	['map_ar', 'map_ar']	2	map_ar
523	52.22304457	6.88696915	2020-04-27T11:29:37Z	638694	638194	639194	['building', 'surroundings']	2	building
524	52.22305972	6.88696579	2020-04-27T11:29:38Z	639694	639194	640194	['surroundings']	1	surroundings
525	52.2230786	6.88696097	2020-04-27T11:29:39Z	640694	640194	641194	[]	0	
526	52.2230994	6.88695362	2020-04-27T11:29:40Z	641694	641194	642194	[]	0	
527	52.22311165	6.88694761	2020-04-27T11:29:41Z	642694	642194	643194	[]	0	
528	52.22311992	6.88694502	2020-04-27T11:29:42Z	643694	643194	644194	['building']	1	building
529	52.22313282	6.88693612	2020-04-27T11:29:43Z	644694	644194	645194	[]	0	
530	52.2231455	6.88693013	2020-04-27T11:29:44Z	645694	645194	646194	['surroundings', 'surroundings', 'map_ar']	3	surroundings
531	52.22315214	6.8869289	2020-04-27T11:29:45Z	646694	646194	647194	[]	0	
532	52.22315778	6.88692942	2020-04-27T11:29:46Z	647694	647194	648194	[]	0	
533	52.22316399	6.88693092	2020-04-27T11:29:47Z	648694	648194	649194	['surroundings']	1	surroundings
534	52.22317135	6.88693213	2020-04-27T11:29:48Z	649694	649194	650194	[]	0	
535	52.22318279	6.8869303	2020-04-27T11:29:49Z	650694	650194	651194	['surroundings']	1	surroundings
536	52.2231954	6.88693179	2020-04-27T11:29:50Z	651694	651194	652194	['surroundings']	1	surroundings
537	52.22320965	6.88693286	2020-04-27T11:29:51Z	652694	652194	653194	['surroundings', 'surroundings', 'surroundings']	3	surroundings
538	52.22322245	6.88693762	2020-04-27T11:29:52Z	653694	653194	654194	['surroundings', 'surroundings']	2	surroundings
539	52.22323305	6.88694577	2020-04-27T11:29:53Z	654694	654194	655194	['surroundings']	1	surroundings
540	52.22324411	6.88695397	2020-04-27T11:29:54Z	655694	655194	656194	['surroundings', 'surroundings']	2	surroundings
541	52.22325617	6.88696476	2020-04-27T11:29:55Z	656694	656194	657194	['surroundings', 'surroundings']	2	surroundings
542	52.2232692	6.886975	2020-04-27T11:29:56Z	657694	657194	658194	['surroundings']	1	surroundings
543	52.22328279	6.88698509	2020-04-27T11:29:57Z	658694	658194	659194	['surroundings']	1	surroundings
544	52.22329597	6.88699327	2020-04-27T11:29:58Z	659694	659194	660194	['surroundings', 'map_ar', 'surroundings']	3	surroundings
545	52.22330546	6.8870017	2020-04-27T11:29:59Z	660694	660194	661194	['surroundings']	1	surroundings
546	52.2233124	6.88700538	2020-04-27T11:30:00Z	661694	661194	662194	['building', 'surroundings']	2	building
547	52.22332138	6.88700878	2020-04-27T11:30:01Z	662694	662194	663194	['surroundings']	1	surroundings
548	52.22333279	6.88701895	2020-04-27T11:30:02Z	663694	663194	664194	['surroundings']	1	surroundings
549	52.22334711	6.88702948	2020-04-27T11:30:03Z	664694	664194	665194	[]	0	
550	52.22336033	6.88703939	2020-04-27T11:30:04Z	665694	665194	666194	['surroundings', 'surroundings', 'surroundings']	3	surroundings
551	52.22337229	6.88704728	2020-04-27T11:30:05Z	666694	666194	667194	['surroundings', 'building']	2	building
552	52.22338704	6.88705261	2020-04-27T11:30:06Z	667694	667194	668194	['surroundings', 'surroundings', 'surroundings', 'building']	4	surroundings
553	52.2233965	6.88705394	2020-04-27T11:30:07Z	668694	668194	669194	['building', 'surroundings']	2	building
554	52.22340269	6.8870564	2020-04-27T11:30:08Z	669694	669194	670194	[]	0	
555	52.22341513	6.88705756	2020-04-27T11:30:09Z	670694	670194	671194	['building', 'surroundings', 'building', 'building']	4	building
556	52.22342533	6.8870601	2020-04-27T11:30:10Z	671694	671194	672194	['building']	1	building
557	52.22343245	6.88706363	2020-04-27T11:30:11Z	672694	672194	673194	['building', 'surroundings', 'surroundings']	3	surroundings
558	52.22344267	6.88706389	2020-04-27T11:30:12Z	673694	673194	674194	['building']	1	building
559	52.22345651	6.88706901	2020-04-27T11:30:13Z	674694	674194	675194	[]	0	
560	52.22346876	6.88707224	2020-04-27T11:30:14Z	675694	675194	676194	['building']	1	building
561	52.22347772	6.88707181	2020-04-27T11:30:15Z	676694	676194	677194	['surroundings']	1	surroundings
562	52.22348523	6.88706792	2020-04-27T11:30:16Z	677694	677194	678194	['building', 'building', 'surroundings']	3	building
563	52.22349147	6.88706338	2020-04-27T11:30:17Z	678694	678194	679194	['surroundings']	1	surroundings
564	52.22349733	6.88706211	2020-04-27T11:30:18Z	679694	679194	680194	['surroundings', 'surroundings', 'surroundings']	3	surroundings
565	52.22350542	6.88706083	2020-04-27T11:30:19Z	680694	680194	681194	['surroundings']	1	surroundings
566	52.2235146	6.88705401	2020-04-27T11:30:20Z	681694	681194	682194	['surroundings', 'surroundings']	2	surroundings
567	52.22352275	6.88704429	2020-04-27T11:30:21Z	682694	682194	683194	['surroundings', 'surroundings']	2	surroundings
568	52.22353234	6.88703288	2020-04-27T11:30:22Z	683694	683194	684194	['surroundings', 'surroundings', 'surroundings']	3	surroundings
569	52.22354542	6.88702073	2020-04-27T11:30:23Z	684694	684194	685194	['surroundings', 'surroundings']	2	surroundings
570	52.22355576	6.88700963	2020-04-27T11:30:24Z	685694	685194	686194	['surroundings', 'surroundings', 'others']	3	surroundings
571	52.22356474	6.88699828	2020-04-27T11:30:25Z	686694	686194	687194	['building', 'building', 'surroundings', 'building']	4	building
572	52.22357311	6.88698659	2020-04-27T11:30:26Z	687694	687194	688194	['surroundings', 'building']	2	building
573	52.2235817	6.88697578	2020-04-27T11:30:27Z	688694	688194	689194	['surroundings', 'surroundings', 'surroundings', 'surroundings']	4	surroundings
574	52.22359019	6.886964	2020-04-27T11:30:28Z	689694	689194	690194	[]	0	
575	52.22359802	6.8869509	2020-04-27T11:30:29Z	690694	690194	691194	['view_note']	1	view_note
576	52.22360598	6.88693464	2020-04-27T11:30:30Z	691694	691194	692194	[]	0	
577	52.22361551	6.88691659	2020-04-27T11:30:31Z	692694	692194	693194	['map_ar']	1	map_ar
578	52.22362628	6.88689706	2020-04-27T11:30:32Z	693694	693194	694194	['info']	1	info
579	52.22363547	6.88687607	2020-04-27T11:30:33Z	694694	694194	695194	['building']	1	building
580	52.22364287	6.88685732	2020-04-27T11:30:34Z	695694	695194	696194	['surroundings', 'surroundings']	2	surroundings
581	52.22364926	6.88683986	2020-04-27T11:30:35Z	696694	696194	697194	['info', 'info']	2	info
582	52.22365416	6.88682368	2020-04-27T11:30:36Z	697694	697194	698194	['surroundings']	1	surroundings
583	52.22365786	6.88680723	2020-04-27T11:30:37Z	698694	698194	699194	['info', 'info']	2	info
584	52.22365973	6.88678924	2020-04-27T11:30:38Z	699694	699194	700194	['surroundings']	1	surroundings
585	52.22366211	6.8867714	2020-04-27T11:30:39Z	700694	700194	701194	['info', 'surroundings']	2	info
586	52.22366678	6.88675513	2020-04-27T11:30:40Z	701694	701194	702194	['surroundings']	1	surroundings
587	52.22367174	6.88674033	2020-04-27T11:30:41Z	702694	702194	703194	['surroundings']	1	surroundings
588	52.22367676	6.88672268	2020-04-27T11:30:42Z	703694	703194	704194	['surroundings', 'surroundings', 'surroundings']	3	surroundings
589	52.2236818	6.8867052	2020-04-27T11:30:43Z	704694	704194	705194	['surroundings', 'surroundings', 'surroundings', 'surroundings']	4	surroundings
590	52.22368303	6.88668531	2020-04-27T11:30:44Z	705694	705194	706194	['info']	1	info
591	52.22368841	6.88666381	2020-04-27T11:30:45Z	706694	706194	707194	['surroundings']	1	surroundings
592	52.22369893	6.8866446	2020-04-27T11:30:46Z	707694	707194	708194	['surroundings']	1	surroundings
593	52.22370835	6.88662713	2020-04-27T11:30:47Z	708694	708194	709194	['surroundings', 'surroundings', 'surroundings', 'surroundings']	4	surroundings
594	52.22371887	6.88661309	2020-04-27T11:30:48Z	709694	709194	710194	['surroundings', 'surroundings', 'surroundings']	3	surroundings
595	52.22372575	6.88659901	2020-04-27T11:30:49Z	710694	710194	711194	['building', 'building']	2	building
596	52.2237285	6.88658426	2020-04-27T11:30:50Z	711694	711194	712194	['building', 'surroundings']	2	building
597	52.22373097	6.88656634	2020-04-27T11:30:51Z	712694	712194	713194	['surroundings', 'building']	2	building
598	52.22373081	6.88654993	2020-04-27T11:30:52Z	713694	713194	714194	['building', 'surroundings']	2	building
599	52.22373408	6.88653205	2020-04-27T11:30:53Z	714694	714194	715194	['surroundings', 'surroundings']	2	surroundings
600	52.22373913	6.88651547	2020-04-27T11:30:54Z	715694	715194	716194	['building']	1	building
601	52.22374583	6.88650283	2020-04-27T11:30:55Z	716694	716194	717194	['surroundings']	1	surroundings
602	52.22375579	6.88648954	2020-04-27T11:30:56Z	717694	717194	718194	['info', 'surroundings']	2	info
603	52.22376286	6.88647427	2020-04-27T11:30:57Z	718694	718194	719194	['building']	1	building
604	52.2237663	6.88646054	2020-04-27T11:30:58Z	719694	719194	720194	['surroundings', 'surroundings']	2	surroundings
605	52.22377061	6.8864419	2020-04-27T11:30:59Z	720694	720194	721194	['surroundings', 'info']	2	info
606	52.22377853	6.88641938	2020-04-27T11:31:00Z	721694	721194	722194	['surroundings']	1	surroundings
607	52.2237859	6.88640101	2020-04-27T11:31:01Z	722694	722194	723194	['building', 'building', 'surroundings']	3	building
608	52.22379261	6.88638584	2020-04-27T11:31:02Z	723694	723194	724194	['surroundings', 'surroundings']	2	surroundings
609	52.22380512	6.88636795	2020-04-27T11:31:03Z	724694	724194	725194	['info', 'info']	2	info
610	52.22382273	6.88635156	2020-04-27T11:31:04Z	725694	725194	726194	['info']	1	info
611	52.22383985	6.88633833	2020-04-27T11:31:05Z	726694	726194	727194	[]	0	
612	52.22385715	6.8863274	2020-04-27T11:31:06Z	727694	727194	728194	['surroundings']	1	surroundings
613	52.22387503	6.88631891	2020-04-27T11:31:07Z	728694	728194	729194	[]	0	
614	52.22389197	6.88630641	2020-04-27T11:31:08Z	729694	729194	730194	['info']	1	info
615	52.22390952	6.88628901	2020-04-27T11:31:09Z	730694	730194	731194	[]	0	
616	52.22391765	6.88627409	2020-04-27T11:31:10Z	731694	731194	732194	['info']	1	info
617	52.2239185	6.88626437	2020-04-27T11:31:11Z	732694	732194	733194	['info', 'info']	2	info
618	52.22392112	6.88625566	2020-04-27T11:31:12Z	733694	733194	734194	['info']	1	info
619	52.22392424	6.88624177	2020-04-27T11:31:13Z	734694	734194	735194	['info']	1	info
620	52.22393111	6.88622472	2020-04-27T11:31:14Z	735694	735194	736194	['info']	1	info
621	52.22394259	6.88619841	2020-04-27T11:31:15Z	736694	736194	737194	[]	0	
622	52.22395063	6.88617417	2020-04-27T11:31:16Z	737694	737194	738194	['info']	1	info
623	52.22395379	6.88615431	2020-04-27T11:31:17Z	738694	738194	739194	[]	0	
624	52.22394783	6.88613161	2020-04-27T11:31:18Z	739694	739194	740194	['info']	1	info
625	52.22393432	6.88612519	2020-04-27T11:31:19Z	740694	740194	741194	['info']	1	info
626	52.2239243	6.8861237	2020-04-27T11:31:20Z	741694	741194	742194	['info']	1	info
627	52.22391502	6.88612681	2020-04-27T11:31:21Z	742694	742194	743194	['info']	1	info
628	52.22391428	6.88612903	2020-04-27T11:31:22Z	743694	743194	744194	['info']	1	info
629	52.22391587	6.88613251	2020-04-27T11:31:23Z	744694	744194	745194	['info']	1	info
630	52.22391707	6.8861348	2020-04-27T11:31:24Z	745694	745194	746194	['info']	1	info
631	52.22391727	6.88613755	2020-04-27T11:31:25Z	746694	746194	747194	['info']	1	info
632	52.22391948	6.88614152	2020-04-27T11:31:26Z	747694	747194	748194	['info', 'info']	2	info
633	52.22392042	6.88614512	2020-04-27T11:31:27Z	748694	748194	749194	['info']	1	info
634	52.22391945	6.88614708	2020-04-27T11:31:28Z	749694	749194	750194	[]	0	
635	52.2239179	6.88614836	2020-04-27T11:31:29Z	750694	750194	751194	['old_map', 'old_map']	2	old_map
636	52.22391571	6.88614856	2020-04-27T11:31:30Z	751694	751194	752194	['old_map']	1	old_map
637	52.22391226	6.88614737	2020-04-27T11:31:31Z	752694	752194	753194	['old_map', 'old_map', 'info']	3	old_map
638	52.22390921	6.88614624	2020-04-27T11:31:32Z	753694	753194	754194	['info', 'surroundings', 'info']	3	info
639	52.22390615	6.88614489	2020-04-27T11:31:33Z	754694	754194	755194	['info', 'info']	2	info
640	52.22390412	6.886144	2020-04-27T11:31:34Z	755694	755194	756194	['map_ar']	1	map_ar
641	52.2239044	6.88614429	2020-04-27T11:31:35Z	756694	756194	757194	[]	0	
642	52.22390474	6.88614457	2020-04-27T11:31:36Z	757694	757194	758194	['view_note']	1	view_note
643	52.22390478	6.88614471	2020-04-27T11:31:37Z	758694	758194	759194	['map_ar']	1	map_ar
644	52.22390537	6.88614512	2020-04-27T11:31:38Z	759694	759194	760194	['map_ar']	1	map_ar
645	52.22390582	6.88614544	2020-04-27T11:31:39Z	760694	760194	761194	['map_ar', 'map_ar']	2	map_ar
646	52.22390608	6.88614567	2020-04-27T11:31:40Z	761694	761194	762194	['map_ar', 'building', 'building']	3	building
647	52.22390618	6.88614578	2020-04-27T11:31:41Z	762694	762194	763194	['map_ar', 'map_ar']	2	map_ar
648	52.22390627	6.88614585	2020-04-27T11:31:42Z	763694	763194	764194	['map_ar', 'building']	2	building
649	52.22390667	6.88614602	2020-04-27T11:31:43Z	764694	764194	765194	['map_ar']	1	map_ar
650	52.22390667	6.88614598	2020-04-27T11:31:44Z	765694	765194	766194	['map_ar']	1	map_ar
651	52.22390666	6.886146	2020-04-27T11:31:45Z	766694	766194	767194	['map_ar']	1	map_ar
652	52.22390698	6.88614616	2020-04-27T11:31:46Z	767694	767194	768194	['map_ar']	1	map_ar
653	52.22390756	6.88614645	2020-04-27T11:31:47Z	768694	768194	769194	[]	0	
654	52.2239077	6.88614654	2020-04-27T11:31:48Z	769694	769194	770194	['map_ar']	1	map_ar
655	52.22390882	6.88614702	2020-04-27T11:31:49Z	770694	770194	771194	['map_ar', 'map_ar']	2	map_ar
656	52.22390946	6.88614729	2020-04-27T11:31:50Z	771694	771194	772194	['map_ar', 'map_ar']	2	map_ar
657	52.22391047	6.8861478	2020-04-27T11:31:51Z	772694	772194	773194	['building', 'map_ar', 'map_ar']	3	map_ar
658	52.22391092	6.88614804	2020-04-27T11:31:52Z	773694	773194	774194	['map_ar', 'map_ar']	2	map_ar
659	52.22391205	6.88614861	2020-04-27T11:31:53Z	774694	774194	775194	['map_ar', 'map_ar']	2	map_ar
660	52.22391237	6.88614884	2020-04-27T11:31:54Z	775694	775194	776194	['map_ar', 'map_ar']	2	map_ar
661	52.22391285	6.8861491	2020-04-27T11:31:55Z	776694	776194	777194	['map_ar']	1	map_ar
662	52.22391282	6.88614911	2020-04-27T11:31:56Z	777694	777194	778194	[]	0	
663	52.22391368	6.88614955	2020-04-27T11:31:57Z	778694	778194	779194	['map_ar']	1	map_ar
664	52.22391602	6.88615069	2020-04-27T11:31:58Z	779694	779194	780194	[]	0	
665	52.22391789	6.8861516	2020-04-27T11:31:59Z	780694	780194	781194	['map_ar']	1	map_ar
666	52.2239198	6.88615256	2020-04-27T11:32:00Z	781694	781194	782194	[]	0	
667	52.22392155	6.88615344	2020-04-27T11:32:01Z	782694	782194	783194	['map_ar']	1	map_ar
668	52.22392295	6.88615415	2020-04-27T11:32:02Z	783694	783194	784194	['map_ar']	1	map_ar
669	52.22392362	6.88615451	2020-04-27T11:32:03Z	784694	784194	785194	['map_ar', 'map_ar']	2	map_ar
670	52.22392427	6.88615488	2020-04-27T11:32:04Z	785694	785194	786194	['map_ar', 'map_ar']	2	map_ar
671	52.22392486	6.88615524	2020-04-27T11:32:05Z	786694	786194	787194	['map_ar', 'map_ar']	2	map_ar
672	52.22392514	6.8861555	2020-04-27T11:32:06Z	787694	787194	788194	[]	0	
673	52.22392665	6.88615635	2020-04-27T11:32:07Z	788694	788194	789194	[]	0	
674	52.22392762	6.88615697	2020-04-27T11:32:08Z	789694	789194	790194	[]	0	
675	52.2239281	6.88615727	2020-04-27T11:32:09Z	790694	790194	791194	[]	0	
676	52.22392844	6.88615745	2020-04-27T11:32:10Z	791694	791194	792194	[]	0	
677	52.22392922	6.88615723	2020-04-27T11:32:11Z	792694	792194	793194	[]	0	
678	52.22392953	6.88615713	2020-04-27T11:32:12Z	793694	793194	794194	[]	0	
679	52.22392969	6.88615708	2020-04-27T11:32:13Z	794694	794194	795194	[]	0	
680	52.22392978	6.88615707	2020-04-27T11:32:14Z	795694	795194	796194	[]	0	
681	52.22393177	6.88615579	2020-04-27T11:32:15Z	796694	796194	797194	[]	0	
682	52.22393019	6.88615414	2020-04-27T11:32:16Z	797694	797194	798194	[]	0	
683	52.22393056	6.88615655	2020-04-27T11:32:17Z	798694	798194	799194	[]	0	
684	52.22393174	6.88615928	2020-04-27T11:32:18Z	799694	799194	800194	[]	0	
